"40719","減少"
"40720","減少させる"
"40722","増加させる"
"40723","インクリメントする"
"40724","増加"
"40725","増大"
"40726","インクリメント"
"40728","必要とする"
"40729","要求する"
"40731","尋ねる"
"40733","問い合わせる"
"40735","プロシージャ"
"40736","手順"
"40737","方法"
"40738","手続き"
"40740","カレンダー"
"40741","暦"
"40743","主題"
"40746","テーマ"
"40749","セットアップ"
"40750","準備"
"40751","設定"
"40753","言語"
"40754","言葉"
"40761","ローケル"
"40762","場所"
"40765","枠組"
"40766","フレームワーク"
"40768","記述"
"40770","説明"
"40771","解説"
"40774","開発"
"40781","開発する"
"40784","表示する"
"40785","展示する"
"40786","陳列する"
"40787","ディスプレイ"
"40788","表示"
"40790","ページ"
"40791","ページを付ける"
"40794","やぐら"
"40796","要素"
"40797","成分"
"40799","振る舞い"
"40800","行動"
"40801","挙動"
"40804","平方根"
"40805","ルート"
"40809","あだ名"
"40810","愛称"
"40811","略称"
"40813","～の方を好む"
"40814","～の方を選ぶ"
"40817","許す"
"40818","許可する"
"40823","手動の"
"40824","マニュアル"
"40827","抜粋"
"40831","無害化する"
"40835","ラベル"
"40836","荷札"
"40839","可視の"
"40841","動く"
"40842","移動する"
"40843","動かす"
"40846","お知らせ"
"40847","通知"
"40848","通告"
"40852","パーミッション"
"40853","許可"
"40854","承諾"
"40856","配置"
"40860","無効化する"
"40861","無効にする"
"40864","仮想の"
"40869","材料"
"40870","原料"
"40871","構成要素"
"40874","素材"
"40876","満了する"
"40877","期限が切れる"
"40879","限界"
"40880","制限"
"40881","極限"
"40882","境界"
"40883","許容量"
"40885","延期する"
"40886","延ばす"
"40888","遅延"
"40891","多すぎる"
"40894","止める"
"40895","停止する"
"40896","中断する"
"40898","停止"
"40899","中止"
"40900","中断"
"40904","予約"
"40905","指定"
"40907","予約する"
"40920","リセットする"
"40922","ウィンドウ"
"40923","窓"
"40926","編集する"
"40928","エディター"
"40929","編集者"
"40932","実行する"
"40933","走らせる"
"40935","走る"
"40938","ヒント"
"40942","好み"
"40943","嗜好"
"40948","リネームする"
"40953","インポートする"
"40954","取り込む"
"40955","インポート"
"40956","取り込み"
"40957","輸入する"
"40958","輸入"
"40960","エクスポートする"
"40961","輸出する"
"40963","輸出"
"40964","輸出品"
"40966","新しい"
"40967","新品の"
"40968","新規の"
"40969","最近"
"40971","新しく"
"40973","きれいにする"
"40974","取り除く"
"40977","プロフィール"
"40978","分析"
"40980","連結する"
"40981","結びつける"
"40982","接続する"
"40987","拡大する"
"40988","拡張する"
"40989","展開する"
"40990","広げる"
"40991","広がる"
"40998","折り畳み式の"
"41002","折り畳む"
"41003","畳む"
"41006","項目"
"41011","商品"
"41012","品物"
"41014","記事"
"41019","失敗する"
"41021","失敗"
"41027","急行"
"41028","速達"
"41030","表現する"
"41031","速達で送る"
"41032","特別の"
"41033","速達の"
"41034","急行の"
"41035","速達で"
"41036","急行で"
"41038","表現"
"41039","表現法"
"41041","式"
"41043","公式"
"41049","長さ"
"41051","範囲"
"41057","プロトコル"
"41060","ロック"
"41061","鍵"
"41062","鍵を掛ける"
"41063","ロックする"
"41065","開錠する"
"41067","解除する"
"41069","ソケット"
"41071","一致する"
"41074","マッチする"
"41075","一致させる"
"41076","マッチさせる"
"41078","返事をする"
"41079","応答する"
"41080","反応する"
"41083","ソース"
"41084","元"
"41085","原因"
"41088","割る"
"41091","スキャン"
"41092","走査"
"41093","スキャンする"
"41094","走査する"
"41099","スキャナ"
"41106","コード化する"
"41107","符号化する"
"41108","エンコードする"
"41112","復号化する"
"41113","デコードする"
"41116","絶対の"
"41117","絶対的な"
"41118","完全な"
"41120","集める"
"41121","集合"
"41126","控え"
"41127","メモ"
"41130","注目"
"41131","注意"
"41135","取り出す"
"41140","積み上げる"
"41142","トレース"
"41146","追跡する"
"41148","分割する"
"41150","塊"
"41153","結合する"
"41159","上昇する"
"41166","ひっくり返す"
"41167","反転させる"
"41170","基礎"
"41173","基底"
"41176","記録"
"41177","経歴"
"41178","業績"
"41179","成績"
"41180","最高記録"
"41181","レコード"
"41186","公共の"
"41188","公開の"
"41191","後の"
"41192","次の"
"41193","後に"
"41195","後で"
"41197","正常化する"
"41198","標準化する"
"41199","正規化する"
"41202","接頭辞"
"41203","プレフィックス"
"41206","シンボル"
"41207","記号"
"41208","符号"
"41210","選択肢"
"41211","選択すること"
"41214","結果"
"41216","成果"
"41217","効果"
"41219","スキーム"
"41220","計画"
"41221","案"
"41224","注釈"
"41226","続ける"
"41227","継続する"
"41228","続く"
"41232","挟む"
"41234","バージョン"
"41238","検索"
"41240","報告"
"41241","報道"
"41242","報告書"
"41244","帳票"
"41246","スキーマ"
"41249","概要"
"41251","ソート"
"41252","並べ替え"
"41253","ソートする"
"41254","分類する"
"41255","並べ替える"
"41257","用法"
"41259","利用方法"
"41262","クッキー"
"41264","自由な"
"41265","無料の"
"41266","無料で"
"41267","自由にする"
"41268","解放する"
"41271","外す"
"41272","設定されていない"
"41273","未設定の"
"41276","修理する"
"41277","修繕する"
"41278","修繕"
"41279","修理"
"41282","コミットする"
"41284","スクロール"
"41285","スクロールする"
"41288","ページ番号を付ける"
"41291","ページ付け"
"41294","ページ数"
"41298","基準"
"41299","規準"
"41301","複製の"
"41302","複写する"
"41303","複製する"
"41307","集団"
"41308","グループ"
"41310","部分"
"41313","援助する"
"41314","サポートする"
"41315","サポート"
"41318","援助"
"41321","オフセット"
"41327","ロールバック"
"41330","のぞく"
"41333","受信する"
"41334","受け取る"
"41337","単一の"
"41338","単式の"
"41342","妥当な"
"41343","正当な"
"41344","有効な"
"41346","提案する"
"41351","サイズ"
"41352","大きさ"
"41353","規模"
"41354","寸法"
"41358","有効化する"
"41359","証明する"
"41360","確認する"
"41363","合法化"
"41364","検証"
"41365","妥当性確認"
"41368","再開する"
"41370","変える"
"41371","変化させる"
"41372","変換する"
"41373","変形させる"
"41374","変形"
"41375","変換"
"41378","2進数の"
"41380","状態"
"41381","ステータス"
"41383","状況"
"41388","余白"
"41391","マージン"
"41392","利益幅"
"41394","整列させる"
"41397","整列"
"41398","位置合わせ"
"41402","今の"
"41403","現在の"
"41405","改める"
"41406","変更する"
"41407","交換する"
"41409","バッファ"
"41411","署名する"
"41412","定期購読する"
"41413","同意する"
"41414","賛成する"
"41416","復活させる"
"41417","回復させる"
"41419","修復する"
"41420","復元する"
"41422","メモリ"
"41423","記憶装置"
"41424","記憶"
"41425","思い出"
"41427","イメージ"
"41428","画像"
"41429","映像"
"41431","テンプレート"
"41432","雛形"
"41437","値段"
"41438","価格"
"41442","小文字"
"41443","小文字の"
"41445","大文字"
"41446","大文字の"
"41449","構造"
"41450","組織"
"41451","構造体"
"41455","一時的な"
"41457","仮の"
"41459","雇う"
"41460","雇用"
"41462","従業員"
"41463","社員"
"41464","使用人"
"41467","単元"
"41468","部門"
"41469","単位"
"41472","唯一の"
"41473","ユニークな"
"41474","一意の"
"41476","問題"
"41477","議題"
"41478","課題"
"41479","件名"
"41480","科目"
"41481","教科"
"41482","学科"
"41483","対象"
"41488","隠す"
"41489","非表示にする"
"41491","許可証"
"41492","免許証"
"41494","ライセンス"
"41497","丸める"
"41498","四捨五入する"
"41499","丸みを付ける"
"41502","切る"
"41503","切り取る"
"41505","削除する"
"41506","削減する"
"41508","フォーカス"
"41509","焦点"
"41510","フォーカスする"
"41515","クロールする"
"41516","クロール"
"41519","アスキー"
"41522","垂直の"
"41524","縦の"
"41526","地平線"
"41527","水平線"
"41529","水平の"
"41531","地平線の"
"41533","ハンドルネーム"
"41535","扱う"
"41536","処理する"
"41537","ハンドリングする"
"41539","モジュール"
"41541","警告"
"41542","予告"
"41546","更新する"
"41548","リファラー"
"41550","出版する"
"41551","発行する"
"41553","公表する"
"41555","出版業者"
"41556","出版元"
"41557","出版社"
"41558","発行者"
"41560","実行"
"41561","呼び出し"
"41566","切り捨てる"
"41568","切り上げする"
"41577","プロバイダー"
"41580","クローラー"
"41582","インデクサ"
"41584","オプティマイザ"
"41587","重要な"
"41588","重大な"
"41590","アンダースコア"
"41591","下線"
"41592","下線を引く"
"41595","アンケート"
"41600","支払い"
"41601","納入"
"41603","銀行"
"41604","預金する"
"41607","クレジットカード"
"41612","請求先住所"
"41615","～%割引"
"41617","出荷方法"
"41622","姓"
"41623","名字"
"41625","国"
"41626","国家"
"41630","郵便番号"
"41632","満了"
"41633","満期"
"41637","表題"
"41638","見出し"
"41641","字幕"
"41642","タイトル"
"41644","関係"
"41645","関連"
"41647","活動していない"
"41649","活発でない"
"41661","入力"
"41665","入力する"
"41668","リダイレクトする"
"41670","壊す"
"41672","壊れる"
"41680","フォーク"
"41682","分岐する"
"41688","ランク"
"41689","順位"
"41692","ランク付けする"
"41697","そして"
"41699","アンド"
"41701","または"
"41703","排他的論理和"
"41708","～から"
"41712","もし～でなければ"
"41713","～でない限り"
"41729","警告する"
"41731","通告する"
"41734","全て"
"41735","全部"
"41736","全体"
"41739","インクルードする"
"41740","含む"
"41741","包含する"
"41743","実装"
"41745","実体"
"41746","実体参照"
"41751","キャスト"
"41752","キャストする"
"41755","部品"
"41757","ゼロサプレッション"
"41758","ゼロ抑制"
"41774","検索エンジン最適化"
"41783","フォント"
"41785","書体"
"41789","次元"
"41791","累積する"
"41792","累積的な"
"41795","拡張子"
"41796","拡大"
"41797","延長"
"41801","伸ばす"
"41803","小数の"
"41804","小数"
"41806","分母"
"41810","5月"
"41812","1月"
"41814","2月"
"41816","3月"
"41818","4月"
"41821","6月"
"41823","7月"
"41825","8月"
"41827","9月"
"41829","10月"
"41831","11月"
"41833","12月"
"41835","夏"
"41836","夏の"
"41839","秋"
"41840","秋の"
"41842","冬"
"41843","冬季"
"41844","冬の"
"41845","冬用の"
"41848","音楽"
"41849","楽曲"
"41852","パーサー"
"41856","トークン"
"41860","インストールする"
"41864","回転する"
"41865","循環する"
"41866","回転させる"
"41867","循環させる"
"41869","ストレージ"
"41872","収集"
"41873","集金"
"41875","コレクション"
"41879","パターン"
"41881","コンソール"
"41885","部分的な"
"41886","不完全な"
"41888","発生させる"
"41890","生成する"
"41894","ジェネレータ"
"41895","発電機"
"41900","フィールド"
"41901","分野"
"41902","領域"
"41904","レンダリングする"
"41905","描画する"
"41908","定義する"
"41910","ページャー"
"41914","設定する"
"41915","構成する"
"41917","ゲートウェイ"
"41919","ドライバー"
"41920","運転手"
"41922","割合"
"41923","率"
"41924","評価する"
"41927","半径"
"41929","アルファブレンディング"
"41931","透明度"
"41932","アルファ"
"41933","アルファベット"
"41935","ベータ版"
"41939","対"
"41940","ペア"
"41942","専門用語"
"41943","術語"
"41944","期間"
"41945","期限"
"41946","学期"
"41947","条件"
"41948","規約"
"41951","スレッド"
"41953","キュー"
"41954","待ち行列"
"41956","デキューする"
"41960","同時に発生する"
"41962","1度"
"41963","1回"
"41965","ハッシュ"
"41966","ハッシュ値"
"41968","依存性の注入"
"41975","ロードバランサ"
"41976","負荷分散装置"
"41988","無効な"
"41994","ユーザーインターフェース"
"42000","親"
"42001","両親"
"42002","保護者"
"42003","先祖"
"42004","祖先"
"42006","学校"
"42008","結合"
"42016","編集可能な"
"42018","読み込める"
"42019","読み取り可能な"
"42020","読み込み可能な"
"42022","書き込み可能な"
"42024","リードオンリーの"
"42025","読み取り専用の"
"42030","再帰的な"
"42032","再帰"
"42034","回帰"
"42036","論理"
"42039","シーケンシャルの"
"42040","順次の"
"42042","シーケンシャルファイル"
"42043","順編成ファイル"
"42051","インターネット"
"42059","料金"
"42062","手数料"
"42064","部"
"42065","課"
"42067","深さ"
"42068","奥行き"
"42069","深度"
"42072","ヌル"
"42075","引用"
"42083","推薦する"
"42084","推奨する"
"42088","置く"
"42091","付ける"
"42093","永続する"
"42097","永続"
"42098","持続"
"42100","請求書"
"42102","証書"
"42103","手形"
"42104","請求書を送る"
"42107","定期的な"
"42108","周期的な"
"42109","定期刊行の"
"42111","ラクダ記法化する"
"42113","手を加える"
"42116","収集する"
"42118","感知する"
"42119","検知する"
"42120","検出する"
"42122","認める"
"42124","注射する"
"42125","注入する"
"42127","区分"
"42128","分配する"
"42130","摘む"
"42131","摘み取る"
"42132","引き抜く"
"42134","断る"
"42136","捨てる"
"42139","コンパクトな"
"42140","圧縮する"
"42142","平らにする"
"42143","平らに伸ばす"
"42144","フラットにする"
"42146","～なしに"
"42149","交差する"
"42150","交わる"
"42152","検査する"
"42153","調べる"
"42155","割り当てる"
"42156","送り出す"
"42157","送出する"
"42160","店"
"42161","ストア"
"42162","保管する"
"42165","同期させる"
"42166","同期する"
"42168","非同期の"
"42171","タスク"
"42172","仕事"
"42175","チケット"
"42176","切符"
"42177","乗車券"
"42178","入場券"
"42180","チェックイン"
"42181","搭乗手続き"
"42186","抑制"
"42187","制御"
"42189","制御する"
"42190","管理する"
"42192","抑制する"
"42196","コントローラー"
"42198","セッション"
"42200","視野"
"42202","有効範囲"
"42205","色"
"42207","色調"
"42210","主な"
"42211","主要な"
"42212","メインの"
"42222","既に"
"42226","準備する"
"42227","用意する"
"42228","準備ができている"
"42229","用意ができている"
"42232","著者"
"42233","作者"
"42234","作家"
"42235","著作者"
"42240","抜き出す"
"42241","抽出する"
"42245","信用"
"42246","掛け売り"
"42248","クレジット"
"42249","支払い猶予期間"
"42251","貸方"
"42252","債権"
"42253","貸方に記入する"
"42254","信用する"
"42256","よくある質問"
"42258","起こる"
"42259","発生する"
"42261","資産"
"42262","財産"
"42268","委譲する"
"42272","配列"
"42276","ルーター"
"42278","規則"
"42280","法則"
"42281","ルール"
"42285","負担"
"42286","負荷"
"42287","読み込み"
"42288","読み込む"
"42290","選ぶ"
"42291","選択する"
"42295","1日"
"42296","日"
"42298","合併する"
"42299","合体する"
"42300","マージする"
"42302","価値"
"42303","値"
"42304","数値"
"42306","アクティブな"
"42308","アクティブ化する"
"42310","活性化する"
"42313","インデント"
"42314","字下げ"
"42315","インデントする"
"42316","字下げする"
"42318","正規表現"
"42319","正則表現"
"42327","捕える"
"42330","捕獲"
"42332","リテラル"
"42333","直定数"
"42335","カウンター"
"42340","文"
"42341","文章"
"42343","消す"
"42344","消去する"
"42345","取り消す"
"42348","標準"
"42349","水準"
"42351","標準の"
"42352","標準的な"
"42354","正常な"
"42355","通常の"
"42356","正常"
"42357","通常"
"42359","別名"
"42360","通称"
"42362","同義語"
"42363","類語"
"42366","完全"
"42367","いっぱいの"
"42369","最大限の"
"42370","正式の"
"42374","合計"
"42375","総計"
"42376","総額"
"42377","総数"
"42378","量"
"42379","金額"
"42383","アサインする"
"42388","前進"
"42389","進歩"
"42391","進捗"
"42395","郵便"
"42396","郵便物"
"42397","郵送する"
"42398","メール"
"42400","ビュー"
"42405","見る"
"42407","通貨"
"42408","貨幣"
"42413","分折する"
"42414","パースする"
"42416","イタレーター"
"42417","反復子"
"42421","観察者"
"42423","ストラテジ"
"42424","戦略"
"42427","ビジター"
"42428","訪問者"
"42433","プロトタイプ"
"42438","発送"
"42439","出荷"
"42441","積み込み"
"42443","受領書"
"42444","領収書"
"42445","受取高"
"42448","受領"
"42454","設計"
"42457","繰り返す"
"42459","サーバー"
"42461","クライアント"
"42462","顧客"
"42463","取引先"
"42464","得意先"
"42465","お得意様"
"42468","待つ"
"42469","待機する"
"42471","待ち時間"
"42473","知らせる"
"42474","通知する"
"42475","通報する"
"42478","存在する"
"42481","見つける"
"42482","見つけ出す"
"42485","検索する"
"42486","調査する"
"42489","調査"
"42492","シリアライズする"
"42493","直列化する"
"42495","直列化可能な"
"42496","シリアライズ可能な"
"42498","カテゴリ"
"42499","種類"
"42502","局所の"
"42506","地元の"
"42509","解決する"
"42515","リソース"
"42517","資源"
"42520","登録"
"42522","登記"
"42525","登録簿"
"42526","登記簿"
"42528","イベント"
"42530","事件"
"42531","行事"
"42533","観察する"
"42534","監視する"
"42537","置き換える"
"42538","置換する"
"42540","月"
"42541","ひと月"
"42544","ビジネス"
"42545","商取引"
"42546","商売"
"42547","業務"
"42549","サービス"
"42554","文字"
"42556","整数"
"42560","システム"
"42561","体系"
"42563","装置"
"42565","くるむ"
"42566","包む"
"42567","ラップする"
"42568","折り返す"
"42570","包むもの"
"42571","ラッパー"
"42573","ダイジェスト"
"42574","要点"
"42575","摘要"
"42577","要約する"
"42580","落とす"
"42581","落下させる"
"42583","打ち切る"
"42587","同じ"
"42588","同様の"
"42591","時間"
"42592","時"
"42593","時刻"
"42595","秒"
"42597","1時間"
"42599","分"
"42602","小さい"
"42604","少ない"
"42607","強い"
"42611","週"
"42612","1週間"
"42614","ボディ"
"42616","本体"
"42617","本文"
"42619","ヘッダー"
"42621","フッター"
"42623","概略"
"42624","要約"
"42626","つなぐ"
"42627","結ぶ"
"42628","加入する"
"42629","参加する"
"42631","鎖状につなぐ"
"42634","知られていない"
"42635","不明の"
"42637","未確認の"
"42639","未知の"
"42641","マッピング"
"42642","写像"
"42644","アップロード"
"42645","アップロードする"
"42649","シフトする"
"42650","桁送り"
"42656","格納する"
"42657","押す"
"42660","宛名"
"42661","住所"
"42663","属性"
"42664","特性"
"42667","中心"
"42668","中央に置く"
"42669","中央揃えにする"
"42671","右"
"42672","右側"
"42673","右の"
"42675","左"
"42676","左側"
"42677","左に"
"42679","最上部"
"42681","頂上"
"42682","上"
"42684","一番の"
"42685","最上位の"
"42686","トップレベルの"
"42688","底"
"42690","最低の"
"42691","最後の"
"42692","底の"
"42694","文書"
"42695","書類"
"42696","資料"
"42697","ドキュメント"
"42699","外側の"
"42700","外部の"
"42701","外観"
"42704","関数"
"42706","機能"
"42709","歴史"
"42710","歴史学"
"42712","履歴"
"42716","位置"
"42717","ロケーション"
"42719","レイヤー"
"42720","層"
"42722","ノード"
"42726","幅"
"42727","レンジ"
"42729","木"
"42731","ツリー構造"
"42732","木構造"
"42734","家系図"
"42736","地域"
"42737","地方"
"42738","面積"
"42740","ボタン"
"42742","テキスト"
"42743","原文"
"42744","教科書"
"42746","客"
"42749","会員"
"42750","メンバー"
"42752","管理者"
"42757","初期値"
"42758","規定値"
"42759","初期値にする"
"42760","規定値になる"
"42762","空の"
"42763","何もない"
"42765","空白"
"42766","ブランク"
"42767","空白の"
"42769","文字列"
"42771","引用する"
"42773","引用符で囲む"
"42774","見積り"
"42776","印刷する"
"42777","プリントする"
"42778","印刷"
"42780","体裁"
"42781","フォーマット"
"42782","整形する"
"42784","書式を整える"
"42785","フォーマットする"
"42787","コード"
"42788","コーディングする"
"42791","個人の"
"42792","個人的な"
"42793","私的な"
"42795","人"
"42796","個人"
"42798","配達する"
"42799","届ける"
"42800","送る"
"42802","どれか"
"42805","いづれか"
"42809","割り切れる"
"42811","取得する"
"42820","セットする"
"42821","セット"
"42824","最初の"
"42827","比較する"
"42828","比べる"
"42830","最近の"
"42831","最新の"
"42832","直近の"
"42835","近頃"
"42839","本"
"42840","帳簿"
"42841","会計簿"
"42844","記入する"
"42845","記帳する"
"42847","毎日の"
"42848","日々の"
"42849","毎日"
"42850","日々"
"42852","月１回の"
"42853","毎月の"
"42854","月極めの"
"42856","毎週の"
"42859","毎年の"
"42864","～しなければならない"
"42868","建造する"
"42869","建築する"
"42870","構築する"
"42873","作る"
"42877","大文字小文字を区別しない"
"42879","大文字小文字を区別する"
"42884","小数点"
"42885","句読点"
"42886","点"
"42887","得点"
"42888","ポイント"
"42892","ダンプする"
"42895","ダンプ"
"42899","数"
"42900","数字"
"42901","番号"
"42904","学級"
"42906","静的な"
"42908","固定された"
"42913","リブート"
"42914","再起動"
"42915","リブートする"
"42916","再起動する"
"42920","リスタートする"
"42922","アプリケーション"
"42923","アプリ"
"42924","適用"
"42925","応用"
"42926","申し込み"
"42927","申請"
"42928","志願"
"42930","キー"
"42932","減らす"
"42933","小さくする"
"42934","通分する"
"42936","物"
"42937","物体"
"42938","オブジェクト"
"42942","ターゲット"
"42943","目標"
"42945","チェーン"
"42946","鎖"
"42947","連鎖"
"42949","繋がり"
"42950","鎖でつなぐ"
"42951","チェーン店"
"42953","記入"
"42954","見出し語"
"42955","参加者"
"42958","契約"
"42959","契約書"
"42960","請負"
"42961","契約する"
"42962","請け負う"
"42963","約束する"
"42965","軸"
"42969","凡例"
"42971","題名"
"42976","詰め物"
"42977","詰める"
"42979","承認する"
"42980","容認する"
"42981","受け入れる"
"42982","受諾する"
"42984","名"
"42985","名前"
"42986","氏名"
"42987","名称"
"42989","年齢"
"42991","年"
"42994","送信する"
"42997","存在している"
"43000","フィルター"
"43002","フィルターにかける"
"43003","ろ過する"
"43008","権力"
"43009","権限"
"43013","読む"
"43014","読み取る"
"43015","読み取り"
"43017","リロード"
"43018","再読込み"
"43019","再ロード"
"43020","リロードする"
"43021","再読込みする"
"43022","再ロードする"
"43024","保存する"
"43025","退避する"
"43026","セーブする"
"43030","リトライ"
"43031","再試行"
"43032","リトライする"
"43033","再試行する"
"43035","書く"
"43036","書き込む"
"43038","ライター"
"43039","書き込むもの"
"43042","読者"
"43047","解析"
"43049","分析する"
"43050","解析する"
"43053","アナライザ"
"43056","全文"
"43058","全文検索"
"43063","列"
"43066","広さ"
"43068","高さ"
"43070","リサイズする"
"43071","サイズを変更する"
"43074","リサイズ可能な"
"43078","演算"
"43080","操作"
"43081","運転"
"43082","オペレーション"
"43084","運営"
"43088","規則正しい"
"43089","規則的な"
"43090","定時の"
"43091","普通の"
"43092","正規の"
"43095","違法の"
"43096","不正な"
"43098","基礎の"
"43099","基本的な"
"43102","ディレクトリ"
"43104","アーカイブ"
"43106","自由選択の"
"43107","任意の"
"43109","オーバーライド"
"43112","モック"
"43115","マスター"
"43117","シーケンス"
"43118","順序"
"43120","労働"
"43121","勉強"
"43122","作業"
"43123","働く"
"43124","仕事をする"
"43126","頻度"
"43129","振動数"
"43130","周波数"
"43132","スコア"
"43133","点数"
"43134","得点する"
"43136","プロセス"
"43144","呼び出す"
"43153","発表する"
"43154","発売する"
"43155","解放"
"43156","解除"
"43157","発表"
"43160","アップデートする"
"43161","更新"
"43162","最新情報"
"43164","真ん中"
"43165","真ん中の"
"43167","アウトプット"
"43168","出力"
"43169","アウトプットする"
"43170","出力する"
"43172","容器"
"43173","入れ物"
"43174","コンテナ"
"43176","怠惰な"
"43180","月曜日"
"43183","火曜日"
"43185","水曜日"
"43187","木曜日"
"43189","金曜日"
"43191","土曜日"
"43194","日曜日"
"43197","トピック"
"43198","話題"
"43201","声明"
"43202","計算書"
"43203","決算報告"
"43209","構文"
"43211","シンタックス"
"43213","管理"
"43214","経営"
"43216","フィード"
"43219","クローン"
"43221","逆にする"
"43222","反対にする"
"43223","逆転させる"
"43224","裏返す"
"43225","逆の"
"43226","裏側の"
"43230","リフレクション"
"43231","自己反映"
"43232","反射"
"43234","反射光"
"43235","反映"
"43241","修飾語"
"43242","修飾子"
"43245","宣言する"
"43249","偶数の"
"43253","アクセス可能な"
"43256","登録を取り消す"
"43259","細部"
"43261","詳細"
"43263","セパレーター"
"43264","区切り文字"
"43266","デリミタ"
"43269","内容"
"43270","コンテンツ"
"43272","メソッド"
"43273","方式"
"43274","手法"
"43278","否定する"
"43280","本当の"
"43284","誤った"
"43289","押し込む"
"43292","数える"
"43293","数えること"
"43294","カウントする"
"43297","保つ"
"43302","修正する"
"43304","翻訳する"
"43308","英数字"
"43309","アルファニューメリック"
"43311","割り当てができる"
"43312","アサインできる"
"43314","内側の"
"43315","内部の"
"43319","エスケープする"
"43323","引数"
"43325","最大限"
"43326","最大値"
"43327","最大の"
"43329","最小限"
"43330","最小値"
"43331","最小限の"
"43333","アラビア数字"
"43338","ランダムな"
"43339","無作為の"
"43343","ABC順の"
"43344","アルファベット順の"
"43346","順序の"
"43347","序数"
"43349","独創的な"
"43352","元の"
"43354","オーバーレイ"
"43355","覆いかぶせる"
"43361","大文字で書く"
"43364","小文字で書く"
"43367","交換"
"43369","短縮する"
"43370","短くする"
"43371","省略する"
"43373","違い"
"43374","相違"
"43375","差異"
"43376","差違"
"43377","差"
"43378","差額"
"43379","差分"
"43381","変わりやすい"
"43382","不定の"
"43386","書き直す"
"43387","書き換える"
"43390","断片"
"43391","破片"
"43393","フラグ"
"43397","バインドする"
"43398","バインド"
"43399","束ねる"
"43410","爆発する"
"43411","爆発させる"
"43414","ドメイン"
"43419","順番"
"43420","オーダー"
"43421","注文"
"43422","発注"
"43423","注文する"
"43424","発注する"
"43427","工場"
"43428","製作所"
"43431","実装する"
"43434","要求"
"43435","依頼"
"43437","返事"
"43438","返答"
"43439","反応"
"43440","レスポンス"
"43442","販売"
"43443","売却"
"43445","セール"
"43446","特売"
"43447","安売り"
"43449","売上"
"43450","売上高"
"43452","誤り"
"43453","間違い"
"43454","エラー"
"43456","通信"
"43457","メッセージ"
"43459","適用する"
"43460","応用する"
"43461","申し込む"
"43462","出願する"
"43463","申請する"
"43465","日付"
"43466","年月日"
"43468","年度"
"43469","学年"
"43473","地球の"
"43474","世界的な"
"43476","リスト"
"43479","明細書"
"43480","カタログ"
"43481","表にする"
"43482","リストする"
"43484","無視する"
"43487","コピー"
"43488","写し"
"43489","複写"
"43491","複製"
"43494","コピーする"
"43498","加える"
"43499","足す"
"43500","追加する"
"43501","合計する"
"43504","空白を除く"
"43509","上部の"
"43510","上級の"
"43511","上位の"
"43512","上流の"
"43514","下位の"
"43515","下級の"
"43516","低い方の"
"43518","索引"
"43519","インデックス"
"43520","インデックスする"
"43525","例外"
"43526","除外"
"43528","メタデータ"
"43530","識別子"
"43531","一意名"
"43534","入れ子にする"
"43535","ネストする"
"43536","重ね合わせる"
"43538","データ"
"43540","情報"
"43542","試験"
"43543","テスト"
"43544","試験する"
"43545","テストする"
"43548","定量"
"43549","定数"
"43551","ユーザー"
"43552","使用者"
"43553","利用者"
"43556","パスワード"
"43557","合い言葉"
"43559","箱"
"43561","大文字小文字"
"43564","閉じる"
"43568","終わり"
"43569","締め切り"
"43571","開く"
"43574","パラメータ"
"43576","変数"
"43578","アクセス"
"43580","アクセスする"
"43584","例"
"43585","実例"
"43586","インスタンス"
"43588","返す"
"43589","戻す"
"43590","返却"
"43592","最終の"
"43593","最終的な"
"43596","学期末試験"
"43597","最終試験"
"43600","照合"
"43601","検査"
"43602","チェックする"
"43604","データベース"
"43606","リンク"
"43608","知識"
"43609","案内"
"43610","案内所"
"43613","企画"
"43614","プロジェクト"
"43616","プロセッサ"
"43619","パス"
"43622","アクション"
"43623","活動"
"43624","行為"
"43627","動作"
"43629","ログ"
"43630","対数"
"43631","ログに記録する"
"43634","破壊する"
"43637","クリアする"
"43639","差し込む"
"43640","挿入する"
"43642","登録する"
"43643","記録する"
"43646","リピートする"
"43647","繰り返し"
"43649","初期化する"
"43653","始める"
"43654","開始する"
"43655","開始"
"43656","出発"
"43657","起動"
"43660","プレビュー"
"43661","プレビューする"
"43663","前の"
"43666","最後"
"43667","終り"
"43668","終了する"
"43669","終わる"
"43670","終了させる"
"43671","終わらせる"
"43674","割り付け"
"43675","レイアウト"
"43679","経営者"
"43680","監督"
"43681","部長"
"43682","マネージャー"
"43684","タグ"
"43687","タグをつける"
"43689","フォーム"
"43690","様式"
"43691","形式"
"43695","形"
"43696","形状"
"43697","形成する"
"43698","形作る"
"43701","共通の"
"43703","共有の"
"43704","一般の"
"43706","所有権"
"43708","地図"
"43709","マップ"
"43710","マッピングする"
"43712","表"
"43713","テーブル"
"43715","モデル"
"43716","型"
"43718","コンテキスト"
"43719","文脈"
"43720","前後関係"
"43721","背景"
"43727","トランザクション"
"43729","転送する"
"43731","接続"
"43732","コネクション"
"43734","レガシー"
"43735","遺産"
"43736","遺物"
"43738","ファイル"
"43740","ハンドラ"
"43742","シングルトン"
"43744","建築者"
"43745","建築業者"
"43752","合成の"
"43753","複合の"
"43755","ファサード"
"43758","プロキシ"
"43760","コマンド"
"43761","命令"
"43763","インタプリタ"
"43764","通訳"
"43766","アート"
"43767","芸術"
"43768","美術"
"43773","ブログ"
"43775","日記"
"43777","日誌"
"43780","論理的な"
"43781","論理学の"
"43791","ベンダー"
"43793","小売店"
"43794","商店"
"43795","買い物する"
"43804","電子商取引"
"43806","パッケージ"
"43807","名前空間"
"43809","無名関数"
"43819","入手する"
"43821","現実の"
"43822","実際の"
"43826","生成"
"43827","発生"
"43832","空間"
"43833","間隔"
"43837","辞書"
"43838","辞典"
"43844","確定する"
"43849","安定した"
"43858","絵"
"43860","写真"
"43861","映画"
"43867","音声"
"43868","音声の"
"43871","類似"
"43872","類似点"
"43873","類似性"
"43874","相似"
"43877","末端の"
"43878","末端"
"43879","端末"
"43881","スパイダー"
"43888","提案"
"43890","連想"
"43897","～当たり"
"43905","国内の"
"43908","スタイル"
"43917","スクリプト"
"43918","スクリプト言語"
"43919","筆記体"
"43927","フェードさせる"
"43936","地"
"43944","可変の"
"43945","変えられる"
"43950","比較できる"
"43951","比較可能な"
"43956","ブートする"
"43957","起動する"
"43960","非対応の"
"43961","サポートされていない"
"43967","メーリングリスト"
"43971","ベクトル"
"43975","重さ"
"43976","重量"
"43978","体重"
"43981","重要性"
"43987","夜の"
"43989","毎晩の"
"43997","不透明"
"43998","不透明度"
"44001","省略"
"44005","読み飛ばす"
"44007","図"
"44008","図表"
"44009","予定表"
"44010","ダイアグラム"
"44013","ライブラリ"
"44014","図書館"
"44015","図書室"
"44018","方向"
"44019","方向性"
"44020","適応"
"44021","オリエンテーション"
"44024","ランキング"
"44030","バイト"
"44032","ビット"
"44036","配分する"
"44038","割り当て"
"44039","割り当て額"
"44044","売り手"
"44045","売れる商品"
"44052","連想する"
"44053","仲間"
"44055","組合員"
"44058","補助の"
"44060","特徴"
"44061","特長"
"44062","特色"
"44064","目玉商品"
"44065","特集記事"
"44070","メーカー"
"44075","閲覧する"
"44080","ソフトウェア"
"44085","ブラウザ"
"44089","マーク"
"44091","マークする"
"44093","ボックス"
"44098","カリー化する"
"44102","等しい"
"44106","殺す"
"44111","代わりの"
"44114","代理人"
"44115","交替する"
"44129","視覚の"
"44131","インターフェース"
"44134","アカウント"
"44135","計算"
"44136","勘定"
"44137","簿記"
"44139","口座"
"44140","勘定科目"
"44142","明細"
"44143","特定の"
"44146","独特の"
"44149","目的地"
"44150","行き先"
"44151","送付先"
"44152","到着地"
"44154","未定義の"
"44155","定義されていない"
"44159","置き換え"
"44161","置換"
"44162","差し替え"
"44166","フィルターを解除する"
"44168","暗号化する"
"44172","行"
"44174","排他"
"44175","除却"
"44176","廃除"
"44178","子孫"
"44180","兄弟"
"44181","姉妹"
"44185","近くの"
"44188","クリック"
"44189","クリックする"
"44191","送り状"
"44192","送り状を送る"
"44196","転送"
"44198","ロギング"
"44199","ログを取ること"
"44204","動詞"
"44211","製品"
"44213","在庫"
"44214","在庫品"
"44216","ストック"
"44217","仕入れる"
"44218","蓄える"
"44222","路線"
"44224","ルーティングする"
"44226","切り替える"
"44228","再帰的に"
"44230","機能性"
"44234","閏年"
"44244","署名"
"44247","IPアドレス"
"44250","フィードバック"
"44252","にじみ"
"44257","ぼかす"
"44261","ぼける"
"44263","にじむ"
"44266","呼ぶ"
"44271","移行"
"44273","省略化された"
"44274","短縮された"
"44275","短くされた"
"44277","先月"
"44279","スタンバイ状態"
"44280","待機状態"
"44282","利用規約"
"44283","使用条件"
"44285","オーバーラップ"
"44286","重複"
"44287","重ねる"
"44291","スネークケース"
"44293","端数"
"44294","分数"
"44296","除数"
"44297","約数"
"44299","全体の"
"44300","整数の"
"44304","転置インデックス"
"44309","関連した"
"44311","相対的な"
"44315","完成する"
"44316","完了する"
"44319","絶対値"
"44321","力"
"44322","強さ"
"44323","パワー"
"44324","累乗"
"44325","べき乗"
"44330","不変の"
"44333","トークン化する"
"44335","厳格に"
"44336","厳密に"
"44339","寛大"
"44340","寛容"
"44343","総計の"
"44344","総量"
"44348","ミリ秒"
"44349","ミリセカンド"
"44353","切り上げ"
"44355","タイムゾーン"
"44360","ソーシャルネットワークサービス"
"44362","未開始の"
"44365","一時停止する"
"44366","サスペンド"
"44369","一時停止"
"44373","着手する"
"44375","立ち上げる"
"44383","拡張された"
"44384","継承された"
"44387","保証する"
"44388","確実にする"
"44389","確保する"
"44391","収容力"
"44392","定員"
"44393","容量"
"44395","最小限にする"
"44396","最小化する"
"44398","ネストできる"
"44399","ネスト可能な"
"44401","ネストした"
"44402","入れ子状の"
"44405","完全に"
"44407","頭文字"
"44408","イニシャル"
"44409","初期の"
"44418","～の間に"
"44424","分離する"
"44425","分ける"
"44436","呼び出し元"
"44438","キャメルケース"
"44439","ラクダ記法"
"44443","スペース"
"44449","改行"
"44455","行送り"
"44466","取り引き"
"44468","取引する"
"44469","売買する"
"44473","印刷できる"
"44474","印刷可能な"
"44480","区切る"
"44482","サフィックス"
"44483","接尾辞"
"44486","レーベンシュタイン距離"
"44489","短いクラス名"
"44494","クラス名"
"44495","分類名"
"44497","ネームスペース"
"44499","パッケージ名"
"44501","親クラス"
"44502","基底クラス"
"44508","コンバータ"
"44517","内部クラス"
"44518","インナークラス"
"44520","公式の"
"44521","形式的な"
"44524","連想配列"
"44526","副配列"
"44531","リビジョン"
"44532","改正"
"44533","改訂"
"44534","改訂版"
"44535","修正"
"44539","未完成の"
"44541","避ける"
"44542","回避する"
"44545","文字セット"
"44547","文字エンコーディング"
"44548","文字コード"
"44550","スタティックメソッド"
"44551","静的メソッド"
"44553","直列化"
"44554","シリアライゼーション"
"44557","デシリアライズする"
"44562","輸送する"
"44563","輸送機関"
"44569","修正プログラム"
"44576","既存の"
"44578","炎"
"44581","使用可能な"
"44583","利用可能な"
"44586","在庫がある"
"44590","スイッチ"
"44591","変更"
"44595","セレクタ"
"44599","見分ける"
"44600","識別する"
"44604","スクロールバー"
"44606","スタイルシート"
"44610","透明"
"44613","クリッピング"
"44617","蓄積する"
"44619","絶対化する"
"44621","相対化する"
"44623","ビューポート"
"44625","リポジトリ"
"44626","倉庫"
"44640","コンパイルする"
"44644","クエリー文字列"
"44646","後に続く"
"44647","後続の"
"44650","次に述べる"
"44651","下記の"
"44659","ダッシュ化する"
"44661","しきい"
"44662","しきい値"
"44671","C言語"
"44683","～から始まる"
"44685","～で終る"
"44689","構成"
"44691","数えられる"
"44693","数えられるもの"
"44694","可算名詞"
"44700","割り算する"
"44704","引き離す"
"44707","拒否する"
"44712","チャックで締める"
"44715","受け継ぐ"
"44716","継承する"
"44719","主キー"
"44720","プライマリキー"
"44722","秘密鍵"
"44724","公開鍵"
"44728","定義された"
"44729","定義済みの"
"44733","地区"
"44734","帯"
"44738","取り付ける"
"44739","貼り付ける"
"44742","添付する"
"44746","添付ファイル"
"44747","付属"
"44748","添付"
"44749","付属品"
"44752","遅延読み込み"
"44754","メソッド化する"
"44761","丸められた"
"44762","丸みのある"
"44764","固定長の"
"44766","認証"
"44767","証明"
"44770","修正できない"
"44771","修正不可の"
"44773","修正可能な"
"44775","素数"
"44776","素数の"
"44783","引く"
"44785","引き算する"
"44787","掛ける"
"44788","掛け算する"
"44790","正方形の"
"44791","四角の"
"44792","直角の"
"44794","2乗する"
"44796","残り"
"44797","余り"
"44798","剰余"
"44800","最大公約数"
"44802","シグナム関数"
"44807","論理積"
"44809","論理和"
"44811","論理否定"
"44814","ゼロ以外の"
"44819","ネットワーク"
"44823","読めない"
"44825","判読できない"
"44829","符号付きの"
"44831","ふるい"
"44834","被加数"
"44838","被乗数"
"44840","整数値"
"44842","積分"
"44845","スケール"
"44846","比率"
"44847","縮尺"
"44849","精度"
"44853","ポインター"
"44856","四捨五入"
"44857","丸め"
"44858","丸み付け"
"44861","目次"
"44864","製造する"
"44868","カスタマイズする"
"44872","絶対パス"
"44874","フルパス"
"44875","完全パス"
"44879","パス名"
"44881","相対パス名"
"44883","スラッシュ化する"
"44885","～できる"
"44886","～することができる"
"44888","隠された"
"44889","隠れた"
"44890","秘密の"
"44892","隠しファイル"
"44894","最終更新日"
"44897","実行可能な"
"44899","ディスクスペース"
"44900","ディスクの空き領域"
"44902","空き容量"
"44904","使用できる"
"44907","テンポラリーファイル"
"44908","一時ファイル"
"44910","ワークファイル"
"44911","作業用ファイル"
"44913","バッファリングされた"
"44916","ファイル名"
"44924","マルチスレッド"
"44926","スレッドセーフ"
"44928","プライオリティ"
"44929","優先"
"44930","優先度"
"44931","優先順位"
"44932","重要度"
"44935","デーモン"
"44937","滅びた"
"44940","列挙する"
"44941","数え上げる"
"44943","割り込み"
"44944","割り込む"
"44946","中止する"
"44951","境界線"
"44952","限度"
"44955","コードポイント"
"44957","プロセスID"
"44959","子プロセス"
"44961","親プロセス"
"44964","続行する"
"44967","プログラム"
"44968","番組表"
"44969","予定"
"44970","プログラムする"
"44975","未読の"
"44977","前書き"
"44978","リード"
"44979","リードする"
"44982","導く"
"44983","案内する"
"44985","リーダー"
"44986","指導者"
"44994","検索者"
"44998","研究"
"45000","研究する"
"45002","検索エンジン"
"45003","サーチエンジン"
"45005","バイナリサーチ"
"45006","二分探索アルゴリズム"
"45009","修正された"
"45010","修正済みの"
"45012","ロードモジュール"
"45014","ロードバランシング"
"45015","負荷分散"
"45017","メッセージハンドラ"
"45019","イベントハンドラ"
"45025","バックアップファイル"
"45027","バイリナリファイル"
"45029","テキストファイル"
"45032","超える"
"45033","超過する"
"45039","絶対URL"
"45041","相対URL"
"45044","再利用する"
"45045","再生する"
"45047","検証者"
"45051","バリデーター"
"45055","不特定の"
"45056","指定されていない"
"45058","正弦"
"45059","サイン"
"45061","コサイン"
"45062","余弦"
"45064","接線"
"45065","タンジェント"
"45066","正接"
"45068","ラジアン"
"45069","弧度"
"45071","権限を与えること"
"45072","権限付与"
"45078","保証"
"45081","ヒエラルキー"
"45084","階層"
"45086","クラス階層"
"45089","キューに追加する"
"45091","グレゴリオ暦"
"45099","大文字で書くこと"
"45101","準備のできた"
"45102","準備された"
"45104","予備"
"45105","バックアップ"
"45106","バックアップする"
"45111","最大化する"
"45112","最大限にする"
"45114","最大化ボタン"
"45117","追加"
"45118","加算"
"45119","足し算"
"45121","削除された"
"45122","削除済みの"
"45124","必須の"
"45126","必須入力"
"45133","コンテンツ管理システム"
"45135","親ディレクトリ"
"45138","同義の"
"45139","類語の"
"45141","エンジン"
"45145","未解決の"
"45147","数学の"
"45148","数学的"
"45150","数学"
"45162","識別された"
"45164","期限切れの"
"45166","満期日"
"45167","有効期限"
"45168","満了日付"
"45171","宣言された"
"45175","ナビ"
"45176","ナビゲーション"
"45179","ユーザー定義の"
"45181","見本"
"45182","標本"
"45184","型付きの"
"45185","型付けされた"
"45188","一定の"
"45189","確定した"
"45192","早い"
"45193","高速な"
"45198","複式の"
"45199","多重の"
"45200","倍数"
"45204","原価"
"45205","経費"
"45206","費用"
"45208","買い値"
"45209","仕入れ値"
"45212","基盤"
"45213","インフラ"
"45215","アクセスログ"
"45217","固定費"
"45220","変動費"
"45223","総費用"
"45225","スタックトレース"
"45227","パリティチェック"
"45230","パリティビット"
"45233","チェックディジット"
"45238","覚え書き"
"45239","連絡メモ"
"45246","分割"
"45247","分離"
"45248","分配"
"45250","区画"
"45251","事業部"
"45253","会社"
"45254","企業"
"45256","ソースコード"
"45258","プログラミング言語"
"45259","プログラム言語"
"45262","プログラミング"
"45265","コメント"
"45266","意見"
"45267","解説する"
"45270","ジャンル"
"45272","ファイル拡張子"
"45275","ソート順"
"45277","サイト"
"45278","ホームページ"
"45282","必要"
"45287","距離"
"45290","請求する"
"45293","電子メール"
"45294","eメール"
"45296","電子メールアドレス"
"45297","メールアドレス"
"45299","優先の"
"45300","推奨の"
"45303","昨日"
"45305","個数"
"45307","数量"
"45310","受領証"
"45312","保証人"
"45315","クーポン"
"45319","メニュー"
"45321","キーワード"
"45323","参照する"
"45325","参照"
"45326","参考"
"45327","リファレンス"
"45333","役"
"45334","役割"
"45339","却下する"
"45341","シリアライザ"
"45345","標識"
"45346","看板"
"45347","合図する"
"45349","入手不可能な"
"45350","使用できない"
"45351","利用できない"
"45353","アドレス帳"
"45354","住所録"
"45357","性別"
"45363","課外活動"
"45364","活発"
"45365","活気"
"45367","バナー"
"45370","国コード"
"45371","国名コード"
"45373","要求分析"
"45374","要件分析"
"45376","プラン"
"45377","計画する"
"45378","企画する"
"45381","ブロック"
"45383","帳簿価格"
"45386","確かめる"
"45390","制限する"
"45391","限定する"
"45394","少数点以下の桁数"
"45396","ポスト"
"45397","投稿する"
"45400","配達"
"45401","郵便局"
"45403","地位"
"45409","生年月日"
"45410","出生年月日"
"45412","電話機"
"45413","電話"
"45414","電話をかける"
"45419","公報"
"45421","PR誌"
"45423","ニュース"
"45427","習得する"
"45431","カラム名"
"45432","列名"
"45434","籠"
"45440","オープンソース"
"45442","オープンソースソフトウェア"
"45446","ログオン"
"45448","ログイン"
"45449","ログインする"
"45452","配信"
"45453","配送"
"45456","特集された"
"45464","地理の"
"45465","地理上の"
"45466","地理的な"
"45467","地理学上の"
"45469","正会員"
"45472","メンバー関数"
"45474","パーセンテージ"
"45478","確率"
"45480","グループプライシング"
"45482","複号化"
"45484","分類"
"45487","権限を与える"
"45491","買う"
"45492","購入する"
"45494","購入"
"45495","購買"
"45496","買い物"
"45500","売る"
"45501","販売する"
"45502","売却する"
"45505","運営する"
"45507","マネージメント"
"45510","イーサネット"
"45514","社団法人"
"45515","法人"
"45516","株式会社"
"45518","標準ライブラリ"
"45520","組立て"
"45521","建築"
"45522","建造"
"45523","建設"
"45525","コンストラクタ"
"45526","建設者"
"45531","前日"
"45533","フロー"
"45534","流れ"
"45535","流れる"
"45537","ワークフロー"
"45539","キャッシュフロー"
"45541","データフロー"
"45549","ループ"
"45551","誤字"
"45554","ダブルクォーテーション"
"45556","シングルクォーテーション"
"45558","検証する"
"45563","シグナル"
"45564","信号"
"45565","合図"
"45566","信号を送る"
"45567","合図の"
"45568","信号の"
"45570","出版"
"45571","発行"
"45572","出版物"
"45573","公表"
"45574","公開"
"45576","起票"
"45579","特権"
"45580","特典"
"45583","特権を与える"
"45588","答え"
"45589","回答"
"45590","応答"
"45591","解答"
"45592","正解"
"45593","答える"
"45595","デッドロック"
"45599","休日"
"45600","休業日"
"45601","祝日"
"45602","祭日"
"45605","匿名関数"
"45609","質問"
"45610","問い合わせ"
"45612","アンインストール"
"45614","見積もる"
"45615","計算する"
"45617","レンダリング"
"45619","線を引く"
"45621","描く"
"45622","引き分ける"
"45623","くじ引き"
"45624","抽選"
"45627","寄贈する"
"45628","寄付する"
"45630","教育"
"45634","重複した"
"45635","複写された"
"45637","オフィス"
"45638","事務所"
"45640","営業所"
"45642","支払う"
"45643","賃金"
"45644","給料"
"45647","異常な"
"45648","普通でない"
"45651","異常終了"
"45652","アベンド"
"45655","選択"
"45659","選択された"
"45662","指定する"
"45665","指定された"
"45667","仕様"
"45668","仕様書"
"45669","内訳"
"45671","セッター"
"45683","しおり"
"45684","ブックマーク"
"45686","シンボリックリンク"
"45688","ショートカット"
"45690","キーボードショートカット"
"45692","リンケージ"
"45699","英語"
"45701","英語の"
"45704","マーケター"
"45707","プロファイラー"
"45709","プレスリリース"
"45710","記者発表"
"45713","ウェブブラウザ"
"45716","代替の"
"45718","代替物"
"45719","代替手段"
"45723","正常に"
"45724","普通に"
"45726","標準的に"
"45728","正常化"
"45729","正規化"
"45730","標準化"
"45733","ランディングページ"
"45735","ページビュー"
"45737","訪問する"
"45738","訪れる"
"45739","訪問"
"45742","直帰率"
"45744","名詞"
"45748","私立学校"
"45750","公立学校"
"45752","授業"
"45754","レッスン"
"45756","学生"
"45757","生徒"
"45762","上書きする"
"45764","処分する"
"45766","草案"
"45767","スケッチ"
"45769","下書き"
"45777","依存する"
"45780","依存"
"45788","時限"
"45789","周期"
"45791","持ち主"
"45792","所有者"
"45795","プリセット"
"45800","教室"
"45802","外字"
"45804","ローマ字"
"45805","ローマ字の"
"45807","ローマ字で書く"
"45809","ローマ字化"
"45813","認証する"
"45815","証明書"
"45817","比"
"45818","比例"
"45820","黄金比"
"45822","ハイパーリンク"
"45824","日用品"
"45825","必需品"
"45827","コミュニティー"
"45830","社会"
"45832","検索条件"
"45834","クイックソート"
"45836","マージソート"
"45838","バブルソート"
"45840","選択ソート"
"45842","挿入ソート"
"45844","ヒープソート"
"45846","相互作用"
"45847","対話"
"45848","交流"
"45850","対話的な"
"45851","対話型の"
"45853","キャンセルする"
"45855","取り消し"
"45857","接尾辞配列"
"45859","出版業"
"45861","タイムリミット"
"45863","書くこと"
"45864","書き込み"
"45866","検索基準"
"45868","アルゴリズム"
"45875","くじ"
"45878","宝くじ"
"45880","描画"
"45886","排他的な"
"45892","プロキシサーバー"
"45893","代理サーバー"
"45895","透明な"
"45898","友人"
"45899","友達"
"45901","時系列分析"
"45903","ブランチ"
"45904","分岐"
"45905","支店"
"45910","トランク"
"45912","バージョン番号"
"45913","版数"
"45917","サンプル"
"45920","不可視の"
"45923","コンバージョン"
"45924","変化"
"45926","コンバージョン率"
"45928","出張"
"45931","一般的な"
"45932","汎用の"
"45933","総称的な"
"45934","総称の"
"45935","ジェネリック"
"45937","ジェネリックプログラミング"
"45941","機能上の"
"45942","機能的な"
"45943","実用的な"
"45944","関数の"
"45946","関数型プログラミング"
"45948","関数型言語"
"45950","手続き型言語"
"45952","バージョン管理"
"45959","マウス"
"45962","省略語"
"45963","略語"
"45965","構文エラー"
"45968","コマンドシンタックス"
"45969","コマンド構文"
"45971","構文解析"
"45973","構文チェッカー"
"45976","供給する"
"45977","提供する"
"45979","供給"
"45989","ダミー"
"45991","スタブ"
"45993","モックアップ"
"45996","モックオブジェクト"
"45998","識別できる"
"46004","特注の"
"46007","カスタマイズされた"
"46009","広告"
"46010","宣伝"
"46017","列挙"
"46018","数え上げること"
"46020","ブーリアン型"
"46022","ブールの"
"46026","推奨されない"
"46027","非推奨の"
"46029","追加的な"
"46031","型キャストする"
"46035","関わる"
"46038","除外する"
"46039","除く"
"46042","賛成"
"46043","承認"
"46047","一致"
"46049","同意"
"46051","合意する"
"46053","再配置"
"46054","移転"
"46055","移設"
"46056","配置転換"
"46058","回数"
"46060","同期"
"46061","同期化"
"46062","同調"
"46064","非同期通信"
"46067","緯度"
"46069","経度"
"46071","キャンペーン"
"46082","蓄積"
"46083","累積"
"46085","定義"
"46087","スケジュール"
"46088","日程"
"46090","連結した"
"46091","接続した"
"46093","提案された"
"46095","ポリシー"
"46096","方針"
"46100","ジャバスクリプト"
"46103","動画"
"46105","アニメーションさせる"
"46110","遷移"
"46111","推移"
"46114","回転"
"46115","循環"
"46116","交替"
"46120","削除可能な"
"46122","職員"
"46123","スタッフ"
"46126","データ転送速度"
"46129","連絡"
"46134","符号化"
"46136","ログアウト"
"46137","ログアウトする"
"46139","ラムダ関数"
"46141","週報"
"46143","レシピ"
"46146","製法"
"46147","作り方"
"46148","処方"
"46151","施設"
"46152","設備"
"46154","カンマ"
"46155","コンマ"
"46157","アットマーク"
"46161","冗長な"
"46165","ジョブ"
"46169","チーム"
"46175","上位層"
"46176","上位レイヤー"
"46179","不一致"
"46182","一致しない"
"46183","マッチしない"
"46185","アップグレード"
"46186","アップグレードする"
"46191","セミナー"
"46192","ゼミナール"
"46193","ゼミ"
"46195","組合"
"46196","協会"
"46210","ウィジウィグ"
"46212","テキストエディタ"
"46214","データ構造"
"46216","プレーンテキスト"
"46217","平文"
"46225","ツール"
"46226","道具"
"46227","工具"
"46229","ツールバー"
"46231","観察"
"46233","観測"
"46234","監視"
"46237","空き"
"46238","空き部屋"
"46240","空席"
"46249","メディア"
"46250","媒体"
"46251","記録媒体"
"46253","セットアップする"
"46255","固定させる"
"46256","安定させる"
"46258","予約済みの"
"46259","貸し切りの"
"46261","予約語"
"46264","適切でない"
"46266","使用不可能な"
"46268","持ち運びできる"
"46269","携帯用の"
"46273","非公式の"
"46274","公式でない"
"46275","オフィシャルでない"
"46278","私有の"
"46279","私営の"
"46280","私立の"
"46281","非公開の"
"46283","推薦"
"46284","推薦状"
"46286","お薦め"
"46287","お勧め"
"46289","担当者"
"46293","予定日"
"46295","特別な"
"46300","レベル"
"46301","段階"
"46305","トラッキング"
"46306","追跡"
"46308","エラーログ"
"46310","代表する"
"46311","代理の"
"46313","代表者"
"46320","プロセス間通信"
"46322","検索可能な"
"46326","配置する"
"46327","配備する"
"46330","展開"
"46331","配備"
"46333","デプロイヤー"
"46336","制約"
"46338","リンクした"
"46340","検索できない"
"46343","県"
"46346","都市"
"46347","市"
"46349","町"
"46351","村"
"46354","送信可能な"
"46357","プロモーション"
"46359","推進"
"46364","グラフ"
"46366","チャート"
"46368","図形"
"46373","可視化する"
"46374","視覚化する"
"46376","複製可能な"
"46377","コピー可能な"
"46383","保険"
"46384","保険契約"
"46385","保険金"
"46386","保険料"
"46388","保険証券"
"46389","保険証書"
"46391","生命保険"
"46393","自動車保険"
"46395","健康保険"
"46400","忠告"
"46401","アドバイス"
"46402","指示"
"46404","スケーラビリティ"
"46405","拡張性"
"46407","可搬性"
"46408","携帯性"
"46409","移植性"
"46411","破壊的な"
"46413","非破壊的な"
"46415","破壊的な関数"
"46416","破壊的関数"
"46421","共有する"
"46422","共用する"
"46423","分け合う"
"46424","分担する"
"46426","共用の"
"46427","共有された"
"46429","共有ディレクトリ"
"46432","共有フォルダ"
"46434","共有プリンタ"
"46436","綴る"
"46439","側面"
"46441","片側"
"46446","側面の"
"46448","二次的な"
"46451","近い"
"46455","弱参照"
"46457","高階関数"
"46459","マルチスレッドの"
"46461","インライン関数"
"46463","グローバル変数"
"46464","広域変数"
"46469","機械コード"
"46471","機械語"
"46473","インスタンス変数"
"46475","最適化する"
"46477","最適化"
"46479","参照透過性"
"46481","副作用"
"46483","連絡する"
"46485","綴り"
"46487","グループ化された"
"46493","掲示板"
"46494","告知板"
"46498","組織する"
"46499","組織化する"
"46500","編成する"
"46502","再インストールする"
"46504","投げる"
"46512","選択可能な"
"46513","選択できる"
"46515","選択できない"
"46516","選択不可の"
"46518","課税率"
"46519","税率"
"46521","ビットレート"
"46523","サンプリングレート"
"46525","証拠"
"46531","カプセル化"
"46535","ステートレスな"
"46540","再利用性"
"46542","疎結合"
"46545","規格化する"
"46547","相互運用性"
"46549","コンポーネント化する"
"46550","部品化する"
"46552","粒度"
"46554","モジュール性"
"46556","反射する"
"46557","はね返す"
"46559","反映する"
"46562","人工知能"
"46564","コンポーネント化"
"46565","部品化"
"46569","補足の"
"46570","追加の"
"46571","付録の"
"46575","定期購読を解除する"
"46579","プログレスバー"
"46587","口コミ"
"46589","口コミマーケティング"
"46591","バズマーケティング"
"46593","バイラルマーケティング"
"46595","頂点"
"46597","支払われるべき"
"46599","満期の"
"46603","税金"
"46604","会費"
"46606","小計"
"46608","幅優先探索"
"46611","表記"
"46612","注記"
"46614","ポーランド表記法"
"46615","ポーランド記法"
"46618","逆ポーランド記法"
"46620","リファクタリング"
"46624","作り直す"
"46625","再構築する"
"46627","リコンパイルする"
"46628","再コンパイルする"
"46629","リコンパイル"
"46630","再コンパイル"
"46632","開始日"
"46634","職業"
"46636","宛先アドレス"
"46638","ローカル変数"
"46639","局所変数"
"46641","奇遇性"
"46645","前進させる"
"46647","進める"
"46649","前進する"
"46650","進む"
"46651","進歩する"
"46657","トリガー"
"46661","小売り"
"46662","小売りする"
"46664","講義"
"46665","講演"
"46666","講義する"
"46667","講演する"
"46669","線"
"46675","成功"
"46677","成功する"
"46679","表示順"
"46682","エスケープシーケンス"
"46684","シーケンス図"
"46686","シーケンス番号"
"46687","連番"
"46691","発番"
"46693","ウェブページ"
"46695","ページ番号"
"46697","次ページ"
"46699","頭"
"46701","上部"
"46702","先端"
"46703","先頭"
"46705","新会員"
"46706","新入生"
"46713","既定値"
"46714","デフォルト値"
"46717","差し込み"
"46721","ポート"
"46723","ポート番号"
"46725","直径"
"46726","倍率"
"46729","応える"
"46730","返信する"
"46731","返答する"
"46738","瞬間的な"
"46740","開発者"
"46745","定規"
"46746","物指し"
"46747","ルーラー"
"46749","命名規則"
"46751","ネーミング"
"46752","命名"
"46756","登録された"
"46757","登録済みの"
"46759","未登録の"
"46762","似ている"
"46763","類似の"
"46764","類似した"
"46766","メールサーバー"
"46768","ウェブサーバー"
"46770","寄稿する"
"46772","添え字"
"46773","下付き文字"
"46774","下付きの"
"46778","動的配列"
"46780","配列の添え字"
"46784","多次元配列"
"46787","文字定数"
"46789","配列定義"
"46791","列挙型"
"46793","整数型"
"46799","データ移行"
"46801","データベース移行"
"46803","ソースコード生成"
"46806","完成させる"
"46808","抽象クラス"
"46810","8進数の"
"46812","国際化"
"46815","国際化する"
"46819","投稿"
"46822","ドキュメント化された"
"46823","文章化された"
"46826","地方化"
"46827","地域化"
"46829","ローカライズする"
"46833","クラスライブラリ"
"46835","プラットフォーム"
"46838","エンドユーザー"
"46840","移動できる"
"46841","取り除くことができる"
"46843","フェーズ"
"46851","財政"
"46852","財務"
"46854","金融"
"46855","会計"
"46858","イニシャライザ"
"46861","囲む"
"46862","同封する"
"46864","囲まれた"
"46865","同封された"
"46869","インデントされた"
"46870","字下げされた"
"46872","平面"
"46874","平地"
"46876","平らな"
"46877","平坦な"
"46880","日本"
"46882","暗号化"
"46884","復号化"
"46887","暗号"
"46890","暗号技術"
"46892","今月"
"46893","当月"
"46895","マーケティングリサーチ"
"46897","形態素解析"
"46899","形態素解析器"
"46905","セッション層"
"46907","アプリケーション層"
"46909","プレゼンテーション層"
"46911","字句解析"
"46913","字句解析器"
"46915","演算子"
"46916","オペレーター"
"46918","操作者"
"46920","三項演算子"
"46924","仮想マシン"
"46926","壊れた"
"46932","確立した"
"46936","確立する"
"46938","著作権"
"46939","版権"
"46940","著作権で保護する"
"46943","プレロード"
"46946","前払いの"
"46947","支払い済みの"
"46949","前払いする"
"46950","前納する"
"46958","維持"
"46960","保守"
"46961","維持費"
"46965","システム保守"
"46967","圧縮"
"46969","回復する"
"46971","回復"
"46972","復旧"
"46975","標準出力"
"46979","標準入力"
"46983","予期する"
"46984","予想する"
"46985","期待する"
"46987","共有資産"
"46989","共有ライブラリ"
"46992","存在しない"
"46995","存在"
"47003","アイドル状態の"
"47004","アイドリングする"
"47006","埋める"
"47007","埋め込む"
"47008","はめ込む"
"47010","エンベッドシステム"
"47011","組み込みシステム"
"47013","割引額"
"47014","割引する"
"47016","付与する"
"47018","交付"
"47020","名刺"
"47022","環境"
"47026","前景"
"47027","最前面"
"47029","違反"
"47032","セグメンテーション違反"
"47034","バッファオーバーラン"
"47036","バッファオバーフロー"
"47039","パフォーマンス"
"47040","性能"
"47043","能率"
"47044","能力"
"47045","効率"
"47047","永続的な"
"47048","持続的な"
"47055","出生地"
"47056","出身地"
"47059","決定する"
"47060","判断する"
"47062","即座の"
"47063","即時の"
"47064","すぐ近くの"
"47068","必要な"
"47071","項目名"
"47073","要素名"
"47075","フィールド名"
"47078","使う"
"47080","利用する"
"47084","認識する"
"47087","組織化"
"47088","編成"
"47089","団体"
"47097","速度"
"47099","速さ"
"47100","スピード"
"47102","加速する"
"47105","ランダム化する"
"47109","一意制約"
"47110","ユニーク制約"
"47112","実現する"
"47118","リグレッションテスト"
"47119","回帰テスト"
"47120","退行テスト"
"47122","単体テスト"
"47123","ユニットテスト"
"47131","外部ファイル"
"47133","ジョブ制御"
"47135","パーペチュアルベータ"
"47137","ダッシュボード"
"47139","ポータル"
"47141","入り口"
"47150","1月当たり"
"47152","1年当たり"
"47155","単位時間当たり"
"47158","世論調査"
"47160","世論調査をする"
"47161","投票する"
"47164","世論"
"47167","ギャラリー"
"47168","画廊"
"47171","ポータルサイト"
"47176","データアクセスオブジェクト"
"47178","ツアー"
"47182","旅行する"
"47183","旅行"
"47188","ドメイン名"
"47191","安全在庫"
"47194","断言する"
"47197","アサーション"
"47198","断言"
"47207","棚卸し"
"47209","棚卸しする"
"47218","暦年"
"47219","カレンダー年"
"47222","重大性"
"47226","用語辞典"
"47227","用語解説"
"47228","用語集"
"47231","解像度"
"47233","荷役"
"47235","積荷"
"47236","貨物"
"47239","済みの"
"47240","完了した"
"47241","完成した"
"47244","配分"
"47245","配布"
"47246","分布"
"47247","流通"
"47249","ガウス分布"
"47251","拡張現実"
"47254","後方の"
"47257","音声学の"
"47260","ワイヤーフレーム"
"47262","名前付きの"
"47264","ラベル付けされた"
"47266","名前が付けられた"
"47268","名前付きパイプ"
"47271","適用可能な"
"47272","応用できる"
"47274","フック"
"47275","フックする"
"47279","1対1の"
"47281","1対多の"
"47283","多対多の"
"47285","多形性"
"47287","多態性"
"47288","多相性"
"47289","多様性"
"47291","継承"
"47295","動的型付け"
"47298","静的型付け"
"47300","～へ追加する"
"47302","インデックス付きの"
"47303","インデックスされた"
"47306","JANコード"
"47308","ホルダー"
"47310","プレースホルダー"
"47312","切り抜く"
"47314","切り取り"
"47315","切り抜き"
"47321","矩形"
"47322","長方形"
"47328","ビジターパターン"
"47330","テンプレートメソッドパターン"
"47332","セッティング"
"47335","環境変数"
"47339","アスペクト比"
"47340","縦横比"
"47344","マッピングされた"
"47349","同時に"
"47353","指し示す"
"47362","ディレクトリ構造"
"47364","構造化プログラミング"
"47372","ウィジェット"
"47374","ガジェット"
"47375","仕掛け"
"47377","オーケーで"
"47381","デジタル署名"
"47382","電子署名"
"47384","分割された"
"47389","雇用者"
"47392","空文字"
"47394","適用性"
"47396","フラッシュメモリ"
"47398","マークアップ"
"47400","マークアップ言語"
"47402","マスターデータ"
"47404","参照データ"
"47406","データモデリング"
"47408","トランザクションデータ"
"47411","アーキテクチャ"
"47416","プレーヤー"
"47418","科学"
"47421","生物学"
"47424","地質学"
"47427","化学"
"47429","化学反応"
"47432","統計"
"47433","統計学"
"47434","統計資料"
"47435","統計表"
"47437","代数"
"47438","代数学"
"47440","三角法"
"47442","現代語"
"47444","古典語"
"47446","社会科"
"47448","地理"
"47449","地理学"
"47451","経済学"
"47455","心理学"
"47458","体育"
"47459","身体教育"
"47461","倫理学"
"47462","倫理"
"47463","道徳"
"47470","発見"
"47473","レルム"
"47475","不安定な"
"47476","安定してない"
"47481","機器"
"47483","ハードウェア"
"47486","ハードコーディング"
"47488","アイドリング"
"47491","配る"
"47493","分布する"
"47494","配送する"
"47495","流通させる"
"47497","分散コンピューティング"
"47500","分散データベース"
"47503","分散ファイルシステム"
"47506","分散ハッシュテーブル"
"47512","一番良い"
"47515","最善の"
"47523","影"
"47524","陰"
"47530","周辺装置"
"47531","周辺機器"
"47536","シリアル通信"
"47538","非同期シリアル通信"
"47542","派生された"
"47544","離散フーリエ変換"
"47546","フーリエ変換"
"47548","離散コサイン変換"
"47550","高速フーリエ変換"
"47552","逆フーリエ変換"
"47556","母数"
"47558","確率分布"
"47564","正規分布"
"47566","再設定"
"47567","再構成"
"47569","再設定する"
"47570","再構成する"
"47572","初期化"
"47574","レガシーシステム"
"47576","レガシーデバイス"
"47578","成功した"
"47581","世界"
"47583","東"
"47586","東の"
"47590","西"
"47593","西の"
"47596","北"
"47599","北の"
"47602","南"
"47605","南の"
"47606","南部の"
"47608","北西"
"47611","北西の"
"47616","北東の"
"47618","南西"
"47620","南西部"
"47621","南西の"
"47623","南東"
"47626","南東の"
"47629","ダイアログ"
"47630","会話"
"47633","矢"
"47634","矢印"
"47636","ハローワールド"
"47640","購入可能な"
"47643","共有"
"47644","共用"
"47647","汎用レジスタ"
"47649","完了済みの"
"47651","設定できる"
"47652","設定可能な"
"47653","構成可能な"
"47655","大人の"
"47656","成人の"
"47657","大人"
"47658","成人"
"47660","妹"
"47662","兄"
"47665","スローガン"
"47668","コンセプト"
"47669","概念"
"47670","観念"
"47673","基本コンセプト"
"47681","数えられない"
"47683","不可算名詞"
"47685","つまみ"
"47688","タブ区切りの"
"47690","招待状"
"47692","字"
"47693","手紙"
"47695","ファイアーウォール"
"47706","入場料"
"47707","入学金"
"47708","入会金"
"47710","利益"
"47711","賞金"
"47713","収益"
"47717","利益を得る"
"47721","派生形"
"47724","会員数"
"47726","入学試験"
"47729","不明確な"
"47734","箇条書きにする"
"47738","差し引き額"
"47739","控除"
"47740","控除額"
"47751","パージ"
"47753","アクセスできない"
"47758","責任"
"47759","責務"
"47764","シミュレーション"
"47768","シミュレートする"
"47769","シミュレーションする"
"47772","似せる"
"47777","マーチャンダイザー"
"47780","商品化計画"
"47781","マーチャンダイジング"
"47788","カンファレンス"
"47789","会議"
"47792","協議会"
"47796","再検討する"
"47798","再検討"
"47799","レビュー"
"47800","批評"
"47804","会計学"
"47805","経理"
"47807","広告する"
"47808","宣伝する"
"47809","広告を出す"
"47812","広告業"
"47813","広告の"
"47815","オークション"
"47816","競売"
"47818","オークションにかける"
"47823","バグトラッキング"
"47824","バグ追跡"
"47826","バグトラッキングシステム"
"47827","バグ追跡システム"
"47829","求人広告"
"47830","分類された"
"47832","ファション"
"47833","流行"
"47839","存続"
"47840","継続"
"47842","円柱"
"47843","円筒"
"47845","気筒"
"47847","円"
"47850","円を描く"
"47853","三角形"
"47861","立方体"
"47863","立方"
"47864","3乗"
"47865","3乗する"
"47867","日本の"
"47868","日本人の"
"47869","日本語の"
"47870","日本人"
"47871","日本語"
"47879","パーティー"
"47882","党"
"47887","パラメータ化する"
"47892","パラメータ化できる"
"47893","パラメータ化可能な"
"47904","許可された"
"47910","インテグリティ"
"47911","完全性"
"47912","整合性"
"47914","保全性"
"47918","解決策"
"47919","ソリューション"
"47921","スカラーの"
"47922","スカラー"
"47925","ソフトウェアライセンス"
"47927","インスタンス化する"
"47929","言語科目"
"47931","外国語"
"47933","バランサー"
"47935","ノイズ"
"47936","雑音"
"47939","データ完全性"
"47941","データ整合性"
"47943","到達不可能な"
"47945","到達可能な"
"47948","モニター"
"47949","監視装置"
"47950","監視者"
"47951","学級委員"
"47954","コード網羅率"
"47956","関数化する"
"47958","春"
"47959","春の"
"47960","バネ"
"47963","泉"
"47965","マーケットプレイス"
"47966","市場"
"47968","マーケット"
"47969","市場に出す"
"47972","情報科学"
"47974","ドメイン駆動設計"
"47979","カテゴライズする"
"47981","カテゴライズされた"
"47983","コアダンプ"
"47985","サービス指向アーキテクチャ"
"47989","運転する"
"47991","ドライブ"
"47994","～駆動型の"
"47995","～ドリブンの"
"47997","ドメイン駆動型の"
"47999","データドリブンの"
"48000","データ駆動型の"
"48002","テクノロジー"
"48003","科学技術"
"48004","工業技術"
"48005","技術"
"48007","未公開の"
"48014","入札する"
"48015","値を付ける"
"48016","招待"
"48018","入札価格"
"48020","入札者"
"48022","競売人"
"48024","落札者"
"48027","逆オークション"
"48029","最高入札者"
"48032","オークション形式"
"48035","本番環境"
"48038","開発環境"
"48040","ユーザー受け入れテスト"
"48043","機能テスト"
"48045","プレ本番環境"
"48047","ローカル環境"
"48051","ステージングサイト"
"48063","安定"
"48064","安定性"
"48066","隠喩"
"48068","比喩"
"48069","メタファー"
"48074","テスト網羅率"
"48076","方角"
"48077","方位"
"48078","指図"
"48080","傾向"
"48081","行き先案内"
"48083","賞"
"48084","賞品"
"48091","トロフィー"
"48093","午後"
"48096","午前"
"48100","ABC順"
"48101","アルファベット順"
"48103","モニタリング"
"48105","予測する"
"48106","予報する"
"48107","予想"
"48108","予測"
"48109","天気予報"
"48113","アセンブリ言語"
"48119","記念日"
"48121","記念日の"
"48123","平日"
"48125","結婚式"
"48127","既婚の"
"48128","結婚した"
"48130","既婚者"
"48132","結婚記念日"
"48136","洗練する"
"48143","ティッカー"
"48146","測定"
"48147","測量"
"48152","平均"
"48153","平均値"
"48154","平均の"
"48155","平均する"
"48157","エンジニア"
"48159","技術者"
"48160","設計する"
"48162","外の"
"48164","外部結合"
"48166","左外部結合"
"48168","右外部結合"
"48170","内部結合"
"48172","標準偏差"
"48174","定期購読"
"48175","寄付金"
"48176","寄付"
"48179","連想の"
"48181","コード補完"
"48183","完成"
"48184","完了"
"48185","終了"
"48187","補完"
"48189","月刊購読"
"48191","映画館"
"48194","劇場"
"48198","ビテオ"
"48199","テレビ"
"48200","ビデオの"
"48202","再発行する"
"48203","再発行"
"48204","再発行物"
"48208","ホスト"
"48209","ホストコンピュータ"
"48212","メインフレーム"
"48215","スケジューリング"
"48217","サムネイル"
"48219","点検"
"48220","視察"
"48224","監査人"
"48226","警部"
"48228","ブラックボックステスト"
"48230","ホワイトボックステスト"
"48237","要求事項"
"48238","要件"
"48242","人々"
"48244","国民"
"48247","ハイフン"
"48250","複式簿記"
"48253","総勘定元帳"
"48256","支出"
"48257","出費"
"48259","負債"
"48260","債務"
"48262","損失"
"48263","損害"
"48264","損失額"
"48265","紛失"
"48267","自己資本"
"48269","収入"
"48270","所得"
"48273","使い捨ての"
"48275","可処分の"
"48277","補助元帳"
"48279","内部"
"48280","内側"
"48283","中に"
"48284","中で"
"48286","外側"
"48287","外部"
"48289","外側に"
"48291","借り方"
"48292","引き落とし"
"48293","借り方に記入する"
"48297","元帳"
"48299","台帳"
"48301","仕訳入力"
"48303","制約違反"
"48305","一意制約違反"
"48307","一意制約エラー"
"48311","階層的な"
"48312","階層型の"
"48315","交替させる"
"48317","インターチェンジ"
"48321","アルファ版"
"48323","全文の"
"48325","フルタイムの"
"48326","常勤の"
"48329","入れ子"
"48331","埋め込まれた"
"48332","埋め込みの"
"48333","組み込まれた"
"48334","組み込みの"
"48339","解読する"
"48343","緑色の"
"48346","黄色"
"48347","黄色の"
"48350","初期設定"
"48355","発送人"
"48357","差出人"
"48358","送り元"
"48364","変圧器"
"48368","親指"
"48371","巡回"
"48372","回路"
"48374","多重継承"
"48378","データフロー図"
"48380","折れ線グラフ"
"48382","棒グラフ"
"48384","レーダーチャート"
"48391","適用された"
"48392","応用された"
"48394","パートナー"
"48397","配偶者"
"48403","学芸員"
"48405","キュレーション"
"48407","シングルトンパターン"
"48410","接続子"
"48411","接続器"
"48418","ドリルダウン検索"
"48420","事業"
"48424","戻り値"
"48425","返り値"
"48427","予期しない"
"48430","予期しない例外"
"48432","予期しないエラー"
"48435","反対"
"48438","増加の"
"48440","インクリメンタルサーチ"
"48441","インクリメンタル検索"
"48443","逐次検索"
"48445","オートコンプリート"
"48446","自動補完"
"48448","カテゴリ分け"
"48451","取り扱う"
"48453","掘り出し物"
"48455","バーゲン"
"48456","堀り出し物"
"48459","割り当てを解除する"
"48461","タブ形式の"
"48463","束"
"48469","タイムライン"
"48471","建設する"
"48474","有効数字"
"48477","前ゼロ"
"48479","実数"
"48481","虚数"
"48486","有効桁数"
"48488","解雇する"
"48490","軽量"
"48491","軽量の"
"48493","生産"
"48495","製造"
"48496","製作"
"48497","生産高"
"48498","生産量"
"48499","作品"
"48501","合成物"
"48502","混合物"
"48504","化合物"
"48505","複合語"
"48506","合成語"
"48511","プルダウン"
"48512","プルダウンの"
"48514","編集不可の"
"48515","編集できない"
"48517","声"
"48521","降順"
"48523","昇順"
"48531","高得点"
"48534","値下げ"
"48535","値引き"
"48543","上位語"
"48546","反意語"
"48547","対義語"
"48548","反対語"
"48549","対語"
"48552","分詞"
"48558","座標系"
"48560","推薦の"
"48563","推薦者"
"48566","推奨できる"
"48567","推薦できる"
"48569","カード番号"
"48571","カード所有者"
"48573","正しい"
"48574","正確な"
"48575","適切な"
"48576","訂正する"
"48577","調整する"
"48578","補正する"
"48581","訂正された"
"48582","訂正済みの"
"48593","匿名の"
"48597","損害賠償"
"48598","賠償"
"48599","補償"
"48600","弁償"
"48602","高める"
"48603","強める"
"48606","連続的な"
"48608","フォローする"
"48611","フォロワー"
"48618","チュートリアル"
"48620","助動詞"
"48622","現在進行"
"48624","現在完了"
"48626","現在完了進行"
"48629","過去進行"
"48631","過去完了"
"48633","過去完了進行"
"48636","未来進行"
"48638","未来完了"
"48640","未来完了進行"
"48649","動詞化"
"48653","統合テスト"
"48654","結合テスト"
"48656","システムテスト"
"48658","システム統合テスト"
"48660","パンくずリスト"
"48662","自動テスト"
"48664","自動化された"
"48665","自動の"
"48669","フェードアウトする"
"48671","フェードインする"
"48673","フェードイン"
"48675","フェードアウト"
"48680","美術館"
"48683","二相の"
"48685","2層コミット"
"48689","要求仕様"
"48694","利害関係者"
"48695","ステークホルダー"
"48699","測定可能な"
"48701","ユースケース"
"48703","機能要求"
"48706","非機能要件"
"48708","建築上の"
"48709","アーキテクチャ上の"
"48711","認証済みの"
"48713","生産力"
"48714","生産性"
"48716","平行な"
"48717","同じ方向の"
"48718","並列の"
"48719","並列接続の"
"48722","小切手帳"
"48724","投資"
"48725","出資"
"48727","投資金"
"48731","資産売却益"
"48732","株式譲渡益"
"48736","減価償却"
"48738","売掛金"
"48740","買掛金"
"48742","給料支払い薄"
"48743","給料支払い総額"
"48745","予算"
"48746","予算案"
"48747","予算を組む"
"48749","商品一覧"
"48754","確認された"
"48756","承認された"
"48760","リニアサーチ"
"48762","光線の"
"48763","放射状の"
"48764","半径の"
"48766","勾配"
"48769","斜面"
"48770","グラデーション"
"48773","未完了の"
"48775","一時的に"
"48776","仮に"
"48782","ググる"
"48784","ダイアログボックス"
"48787","最小の"
"48793","プライバシーポリシー"
"48795","サービス規約"
"48797","無題の"
"48801","ブラックリスト"
"48803","ホワイトリスト"
"48805","持続的コネクション"
"48824","可能な"
"48839","閾値"
"48845","個人情報"
"48850","リダイレクト"
"48851","赤色"
"48853","実行時例外"
"48855","探す"
"48865","都道府県"
"48866","郵便局の"
"48867","お問い合わせ"
"48870","携帯電話"
"48874","家庭科"
"48878","デザインパターン"
"48912","提出する"
"48913","挿入物"
"48915","持続時間"
"48916","監査役"
"48918","入出力"
"48921","実行時"
"48922","次頁"
"48923","前頁"
"48924","前ページ"
"48926","割引"
"48928","使用方法"
"48929","免許"
"48931","割り当て量"
"48934","メンテ"
"48935","メンテナンス"
"48937","コピーライト"
"48939","かご"
"48940","ゴミ箱"
"48941","ゴミ"
"48944","フローチャート"
"48948","夜間バッチ"
"48949","夜間バッチ処理"
"48950","全角スペース"
"48959","採番"
"48974","バナー広告"
"48982","バッチ処理"
"48983","リリースする"
"49068","副詞"
"49075","旅行代理店"
"49094","回答する"
"49108","紫"
"49109","紫色"
"49113","青色"
"49114","青色の"
"49118","簿価"
"49179","半角スペース"
"49234","作成する"
"49235","作成"
"49294","学割"
"49295","学生割引"
"49349","ER図"
"49369","ファックス"
"49370","ファクシミリ"
"49396","全角の"
"49397","半角の"
"49415","ハンドバッグ"
"49486","品詞"
"49544","自動車"
"49547","算数"
"49550","算数の"
"49569","有効数字～桁"
"49573","多重度"
"49578","座標"
"49579","～以上"
"49591","パース"
"49631","後方への"
"49632","末尾の"
"49633","月曜"
"49634","日曜"
"49640","アルバイト"
"49670","まとめ"
"49673","ふきだし"
"49678","無料素材"
"49679","おまけ"
"49681","景品"
"49687","画像処理"
"49689","学習"
"49694","並び替え"
"49695","データ転送率"
"49696","相対パス"
"49700","学校用品"
"49703","複製物"
"49705","タグクラウド"
"49706","残る"
"49707","破線"
"49711","コードフォールディング"
"49712","携帯"
"49715","私立"
"49719","履歴書"
"49723","フィルタリングする"
"49724","説明する"
"49725","研究所"
"49726","迷惑メール"
"49727","スパム"
"49728","更新プログラム"
"49729","名称未設定の"
"49732","バージョンアップ"
"49733","為替手形"
"49735","企画書"
"49756","タブブラウザ"
"49757","北東"
"49760","三次元の"
"49761","単純にする"
"49762","シンプルにする"
"49764","備考"
"49765","社会の"
"49766","社会的な"
"49767","タイムアウト"
"49770","時間切れ"
"49771","正弦波"
"49772","サイン波"
"49773","与信枠"
"49775","婚約"
"49777","因数"
"49779","素因数"
"49780","苗字"
"49781","新入社員"
"49782","整列する"
"49790","返済"
"49792","ローン返済"
"49793","ローン"
"49795","貸し付け"
"49796","滑らせる"
"49798","結婚"
"49799","使い方"
"49802","フリーソフト"
"49805","鍵を開ける"
"49806","施錠する"
"49807","配信する"
"49810","覆う"
"49812","絞り"
"49816","ベジェ曲線"
"49818","テストできる"
"49819","テストカバレッジ"
"49820","試行"
"49821","試行する"
"49825","プリミティブ型"
"49829","血液型"
"49832","プライマリ"
"49834","焦点距離"
"49836","色相"
"49837","要求管理"
"49839","トークナイザ"
"49840","ツールキット"
"49841","トップレベルドメイン"
"49845","今"
"49848","時系列"
"49850","時刻表"
"49851","スナップショットを撮る"
"49852","工程"
"49854","キャッチコピー"
"49855","写真素材"
"49857","ストックフォト"
"49858","夜間の"
"49863","カンマ区切りの"
"49864","動的な"
"49866","三角"
"49867","木構造の"
"49868","フロム"
"49869","マガジン"
"49870","移す"
"49871","確認"
"49872","判定"
"49873","判定する"
"49877","取得"
"49879","整形"
"49880","判断"
"49881","検索不可能な"
"49884","多次元の"
"49887","固定ピッチの"
"49890","プロポーショナルの"
"49893","等幅フォント"
"49895","プロポーショナルフォント"
"49896","非プロポーショナルの"
"49898","非プロポーショナルフォント"
"49899","インフラストラクチャー"
"49900","代入"
"49901","代入する"
"49902","カウント"
"49904","文字の折り返し"
"49905","単語"
"49906","語句"
"49908","大きい"
"49910","ベクター"
"49913","ラスタライズ"
"49914","社長"
"49919","本部"
"49920","本社"
"49921","レジスト"
"49923","オブザーバー"
"49926","集計"
"49929","～に追加する"
"49931","削除"
"49932","乗算"
"49933","アプルーブ"
"49934","リクエスト"
"49935","画面"
"49936","一覧"
"49937","送信"
"49941","受信箱"
"49943","郵便ポスト"
"49944","ポートフォリオ"
"49945","事前の"
"49947","事前に処理する"
"49948","メイン"
"49949","リトリーブ"
"49950","投票"
"49952","ミニマイズ"
"49953","ファンクション"
"49954","フィックス"
"49955","加速度"
"49956","エンコード"
"49959","ナンバー"
"49960","ミニマム"
"49961","パイプ"
"49962","アサート"
"49963","レトロフィット"
"49964","バリアント"
"49966","意味"
"49967","意味する"
"49970","スニペット"
"49971","ソーシャル"
"49972","非表示の"
"49976","運用"
"49979","統合する"
"49980","統合"
"49982","要件定義"
"49984","ワイズ"
"49985","従業員番号"
"49988","役職"
"49991","業種"
"49992","職種"
"49994","勤務先電話番号"
"49997","エビデンス"
"49998","識別"
"50000","照会"
"50002","式場"
"50003","結婚式場"
"50005","披露宴"
"50011","チャペル"
"50012","Webサイト"
"50013","ウェブサイト"
"50014","業務フロー"
"50015","発送先住所"
"50016","お届け先住所"
"50017","届け先住所"
"50018","オーソリ"
"50019","リフレッシュ"
"50021","明示的な"
"50022","クオリティ"
"50024","シリアル"
"50025","インターフェイス"
"50026","セル"
"50028","緑色"
"50029","赤色の"
"50030","黒色"
"50031","黒色の"
"50032","白色"
"50033","白い"
"50034","白色の"
"50035","赤い"
"50036","青い"
"50037","白"
"50040","知人"
"50041","キャピタライズ"
"50043","振り分け"
"50045","上限"
"50046","解凍"
"50048","解凍する"
"50049","有無"
"50050","個別の"
"50051","受注"
"50052","低い"
"50055","イニシャライズ"
"50056","セマフォ"
"50059","パシフィック"
"50062","リマインダー"
"50063","デコレート"
"50065","装飾する"
"50067","理由"
"50068","スペル"
"50069","専用の"
"50071","予想結果"
"50072","予期された"
"50074","ストップウォッチ"
"50076","評価"
"50079","内線"
"50084","展示会"
"50088","ステッピングモーター"
"50089","コンテクスト"
"50091","受け入れテスト"
"50093","再現性"
"50094","再現できる"
"50096","絵文字"
"50099","顔文字"
"50100","つながり"
"50101","繋ぐ"
"50102","人気のある"
"50105","特大の"
"50106","海"
"50108","山"
"50111","ユーザーエージェント"
"50114","投票数"
"50115","ボキャブラリ"
"50119","電話する"
"50121","イーコマース"
"50123","宣言"
"50125","インラインタグ"
"50137","オブジェクト指向の"
"50138","差し引き"
"50139","早く"
"50141","負荷テスト"
"50142","リスタート"
"50144","ゼロ"
"50145","リサイクル"
"50147","再利用"
"50149","再帰する"
"50150","復活"
"50154","消費者"
"50156","生産者"
"50157","共通化"
"50167","コーディング規約"
"50169","ハンドリングされていない"
"50170","ハンドルされていない"
"50176","3番目の"
"50177","2番目の"
"50178","4番目の"
"50180","5番目の"
"50188","アプリケーションレベルの"
"50189","係数"
"50192","曜日"
"50194","営業日"
"50197","添字"
"50198","適応する"
"50199","ページング"
"50204","関係する"
"50205","優先する"
"50207","決定"
"50209","保存"
"50210","全長"
"50211","大文字にする"
"50212","小文字にする"
"50213","2乗"
"50215","四角"
"50216","四角形"
"50217","副社長"
"50223","課長"
"50229","静的変数"
"50231","構造化された"
"50241","卵"
"50242","吹き出し"
"50243","処理"
"50244","処理済みの"
"50247","すべきである"
"50266","特許"
"50269","ドロップダウン"
"50274","詰められた"
"50275","マーチャント"
"50276","エディット"
"50277","定期宅配"
"50280","トレーサビリティ"
"50282","切り上げる"
"50283","打ち合わせ"
"50285","簡単な"
"50288","フラッグ"
"50292","潜在バグ"
"50293","既存バグ"
"50295","対象の"
"50299","双方向の"
"50301","スクリーンキャプチャ"
"50306","検索履歴"
"50307","線形グラデーション"
"50308","線形の"
"50309","直線の"
"50310","ラスター化する"
"50311","速く"
"50312","実行中"
"50313","実行中の"
"50314","繰り返された"
"50315","シナリオ"
"50319","ハンガリアン記法"
"50326","永久の"
"50328","パーマリンク"
"50334","ユーザー名"
"50335","キャッシュカード"
"50345","引き落とす"
"50347","口座引き落とし"
"50348","項目数"
"50349","注文書"
"50350","発注書"
"50351","販売注文書"
"50353","伝票"
"50354","入庫"
"50355","出庫"
"50356","棚入れ"
"50357","入荷"
"50360","小包"
"50363","卸売業者"
"50372","在庫切れ"
"50373","欠品"
"50379","手書き"
"50381","手書きの"
"50382","依頼する"
"50385","オンデマンド"
"50387","シリーズ"
"50388","年月"
"50390","新着"
"50391","新着情報"
"50393","読み取り専用ファイル"
"50395","実行可能ファイル"
"50398","累計する"
"50399","同期の"
"50400","菱形"
"50406","ベークター化"
"50407","ベクター化する"
"50409","除外するキーワード"
"50410","先読み"
"50417","行列"
"50419","リードタイム"
"50421","退会する"
"50422","退会"
"50424","検索結果"
"50425","インストール"
"50426","納品"
"50428","有効期間"
"50429","紹介"
"50431","委員"
"50432","委員会"
"50433","医学"
"50435","医学的な"
"50436","医学の"
"50437","明日"
"50438","安全"
"50439","安全な"
"50440","安定化"
"50445","自動生成"
"50446","自動生成する"
"50449","自動生成された"
"50452","家計簿"
"50457","破棄する"
"50458","廃棄"
"50460","送料"
"50462","運賃"
"50463","料理"
"50466","料理する"
"50467","右寄せ"
"50468","方程式"
"50471","お支払い"
"50472","実装例"
"50474","比較"
"50475","集計する"
"50477","被験者"
"50479","エイリアス"
"50480","サマライズ"
"50481","コンカレント"
"50482","バリデーション"
"50484","翻訳"
"50486","偶数"
"50487","奇数の"
"50488","奇数"
"50489","稼動"
"50490","ダウンロード"
"50491","改ページ"
"50492","中身"
"50493","10進数の"
"50494","オリジナル"
"50495","パーセント"
"50498","インスパイア"
"50499","エクスパイア"
"50500","リストア"
"50501","エスケープ"
"50502","オーソライズ"
"50503","操作する"
"50504","一意性制約"
"50505","不必要な"
"50506","不整合"
"50507","市区町村"
"50508","送信者"
"50510","期待"
"50511","予期"
"50513","機種"
"50515","未送信の"
"50516","未送信メッセージ"
"50517","存在チェック"
"50518","チェック"
"50519","決済する"
"50520","決済"
"50521","決算"
"50522","文言"
"50529","マージ"
"50532","障害"
"50535","トラブルシューティング"
"50538","システム障害"
"50539","不具合"
"50541","～以来"
"50542","ヴァーチャル"
"50543","サウンド"
"50545","音"
"50547","音量"
"50548","体積"
"50549","容積"
"50551","レコードセット"
"50553","掛け算"
"50554","計測"
"50555","計測する"
"50559","飲み放題の"
"50561","食べ放題の"
"50566","実績"
"50567","抽出"
"50568","フィルタリング"
"50570","二次元の"
"50571","ベクター形式の"
"50574","編集"
"50577","構築"
"50579","潜在的な"
"50580","デクリメント"
"50582","宣言された関数"
"50583","宣言されたメソッド"
"50584","デコレーション"
"50588","紹介する"
"50590","紐付け"
"50591","紐付ける"
"50594","方法論"
"50598","受け入れ"
"50599","バリデート"
"50604","デスクトップ"
"50606","支払方法"
"50607","支払い方法"
"50608","アトリビュート"
"50615","マスタースレーブ"
"50618","インアクセシブル"
"50619","インセンティブ"
"50621","ロール"
"50622","アグリゲート"
"50623","パブリック"
"50625","対応している"
"50626","対応"
"50628","対応する"
"50631","封筒"
"50635","年会費"
"50637","年報"
"50639","前年"
"50640","スペック"
"50641","お気に入り"
"50642","告知"
"50643","告知する"
"50644","貸し方"
"50645","借方"
"50648","貸借対照表"
"50649","損益計算書"
"50654","システム間の"
"50658","クロスドメイン通信"
"50660","画面項目"
"50671","音声読み上げ"
"50673","効果音"
"50677","ダーク"
"50681","挿入"
"50682","関連会社"
"50683","提携する"
"50685","アフィリエイト"
"50686","借りる"
"50687","解答する"
"50689","言及"
"50690","言及する"
"50694","テンプレート化する"
"50696","テンプレート化"
"50701","リボン"
"50703","楕円"
"50705","賞味期限"
"50709","レイテンシ"
"50711","クラスター"
"50712","アップデート"
"50714","ディスティネーション"
"50716","インターセプト"
"50717","プロファイル"
"50718","ハンドル"
"50719","レジストリ"
"50721","カラー"
"50723","スマフォ"
"50724","スマートフォン"
"50726","ガラパゴス"
"50727","セレモニー"
"50729","ラスター化"
"50730","パープル"
"50731","かわいい"
"50737","単価"
"50739","委譲"
"50742","原点"
"50743","売り上げ"
"50744","絞"
"50745","按分"
"50748","航空"
"50749","空路"
"50758","男性"
"50759","女性"
"50760","発注点"
"50765","新聞"
"50769","強制する"
"50771","強制的な"
"50772","稼働"
"50774","分散処理"
"50775","中継"
"50776","代理店"
"50779","案件"
"50783","論理削除"
"50787","原理"
"50790","彩度"
"50793","不規則な"
"50795","灰色"
"50796","灰色の"
"50800","信号機"
"50811","特定商取引法"
"50815","女優"
"50820","定数化する"
"50823","例外処理"
"50827","大学"
"50828","中学校"
"50829","小学校"
"50830","幼稚園"
"50839","チャレンジ"
"50840","遷移図"
"50841","登録フォーム"
"50842","後処理"
"50843","高校"
"50844","中学"
"50846","一括"
"50849","到着"
"50850","幼児"
"50854","詳細設計"
"50856","設計書"
"50863","平行四辺形"
"50864","代引き"
"50865","代金引換"
"50866","コンパイル"
"50868","物理学"
"50869","物理"
"50870","長方形の"
"50872","カリキュラム"
"50879","有料の"
"50884","請求"
"50886","配送先住所"
"50889","両方の"
"50891","両方"
"50893","メルマガ"
"50894","希望数量"
"50898","リスト項目"
"50900","その他の"
"50902","その他"
"50903","他の"
"50907","レンタカー"
"50910","受信メール"
"50911","登録日"
"50975","自動化"
"51030","データ圧縮"
"51062","文脈依存の"
"51066","予告編"
"51071","小売"
"51072","救済する"
"51075","継続期間"
"51076","法人の"
"51077","データベース管理者"
"51087","ずれ量"
"51089","平均ページビュー"
"51091","一括処理"
"51093","一括請求"
"51096","前提条件"
"51100","高速道路"
"51109","予約注文"
"51119","システム連携"
"51122","年次報告"
"51123","半期報告"
"51124","半期決算"
"51129","保証書"
"51130","メーカー保証"
"51131","配達料"
"51132","配送量"
"51133","配達方法"
"51134","支払手数料"
"51138","小額決済"
"51140","中古の"
"51144","オンライン決済"
"51149","以降の支払い"
"51150","最初の支払い"
"51153","定額"
"51154","テスト結果分析"
"51155","テスト実施"
"51156","テスト計画"
"51157","個別処理"
"51160","個別にデータを処理する"
"51162","変数展開"
"51169","自動引き落とし"
"51170","過去日"
"51171","未来日"
"51175","歯車"
"51177","出荷統合"
"51178","実行プロセス"
"51179","処分"
"51180","人気ランキング"
"51181","エラーが発生しました"
"51182","クエリー"
"51183","誕生日"
"51184","同意します"
"51185","検知"
"51186","一括検索"
"51187","提携"
"51188","摂氏"
"51189","上げる"
"51190","施策"
"51191","愛"
"51192","切断"
"51193","ひらがな"
"51194","候補"
"51195","最尤値"
"51196","事後分布"
"51197","事前分布"
"51198","画像取得"
"51199","検索キーワード"
"51200","キーワード検索"
"51201","コピーレフト"
"51203","有効"
"51204","関連図"
"51205","関連モデル"
"51206","関係性"
"51207","実行結果"
"51208","Webアプリケーション"
"51209","実行ファイル"
"51210","検索処理"
"51211","出荷明細"
"51212","出荷依頼"
"51213","請求方法"
"51214","受注明細"
"51215","件数"
"51216","命名する"
"51217","ネーミングルール"
"51218","一貫性"
"51219","原子性"
"51220","永続性"
"51221","種別"
"51222","実行できる"
"51223","変数宣言"
"51224","関数定義"
"51225","分散トランザクション"
"51226","エラー処理"
"51227","値を返す"
"51228","値段を付ける"
"51229","指定されたパラメータ"
"51230","指定されたパラメータが不正です"
"51231","ファイルが存在しません"
"51232","ファイルを削除する"
"51233","テーブルを作成する"
"51234","トランケート"
"51235","産業"
"51236","付箋"
"51237","障害対応"
"51238","致命的な"
"51239","致命的なエラー"
"51240","集計テーブル"
"51241","書籍"
"51242","物流"
"51243","郵便為替"
"51244","可能"
"51245","人気の"
"51246","人気"
"51248","出金口座"
"51249","単項演算子"
"51250","夜間処理"
"51252","加算金額"
"51253","支払日"
"51254","セキュリティーの考慮事項"
"51255","セキュリティ"
"51256","続き"
"51257","支払い期限"
"51258","品名"
"51259","書類種別"
"51260","特定の領域"
"51261","既読"
"51262","利用目的"
"51263","連載"
"51265","既読にする"
"51266","論理演算子"
"51267","加算子"
"51268","減算子"
"51269","ビット演算子"
"51270","口座種別"
"51271","ビット演算"
"51272","並び順"
"51273","表示領域"
"51274","定休日"
"51275","対角線"
"51276","オレンジ色"
"51277","隠蔽"
"51278","メモリ管理"
"51279","インジェクション"
"51280","定義済み定数"
"51281","メールを送信する"
"51282","送信先"
"51283","総重量"
"51284","手動"
"51285","冗長"
"51286","インパクト"
"51287","部長承認"
"51288","役員承認"
"51289","代表取締役"
"51290","最高経営責任者"
"51292","書類発行日"
"51293","稟議"
"51296","部品番号"
"51298","URLエンコード"
"51305","仕様変更"
"51306","二次元配列"
"51308","勤務先住所"
"51309","認証が失敗しました"
"51313","一括受注"
"51314","一括発注"
"51316","帳簿記入"
"51334","支払先口座"
"51335","作成日"
"51336","返金方法"
"51337","返金"
"51341","窓口"
"51342","接続を閉じる"
"51359","コーポレートサイト"
"51368","少数"
"51393","サイコロ"
"51399","次元数"
"51411","表示設定"
"51420","重複行"
"51421","重複レコード"
"51422","重複の"
"51437","イベント処理"
"51439","見積もり"
"51440","見積"
"51441","消費税"
"51446","ダブルクオートで囲まれた文字列"
"51447","写真を撮る"
"51448","～のタグが付いたエントリー"
"51463","向き"
"51466","不明なエラーが発生しました"
"51467","閲覧"
"51468","別の"
"51478","時分秒"
"51479","入金"
"51480","出勤"
"51481","残業"
"51482","退社"
"51484","出社"
"51487","営業時間"
"51492","ファイル出力"
"51493","ファイルへ出力する"
"51494","エンティティ"
"51495","フリップ"
"51496","整理"
"51497","経過する"
"51498","移動"
"51499","移動量"
"51500","点滅間隔"
"51501","点滅する"
"51504","無期限の"
"51507","参加"
"51508","設問"
"51516","薬"
"51520","薬剤師"
"51531","防止"
"51536","入れ替え"
"51538","ディバイド"
"51540","表す"
"51553","ピリオディック"
"51554","ピリオド"
"51562","注文者"
"51576","複数データベース"
"51577","複合キー"
"51578","複数キー"
"51589","マス"
"51592","適合する"
"51608","荷重"
"51610","線分"
"51613","8進数"
"51625","台詞"
"51630","分解能"
"51638","水平スクロールバー"
"51639","垂直スクロールバー"
"51640","増やす"
"51646","予備校"
"51647","塾"
"51648","学習塾"
"51658","カード決済"
"51671","アイドル"
"51685","髪型"
"51689","半角カナ"
"51697","フェミニン"
"51712","二酸化炭素"
"51717","インク"
"51734","出品"
"51735","訂正"
"51736","HTMLメール"
"51737","引越し"
"51741","暫定対処"
"51742","暫定対処済"
"51743","根本対策済"
"51744","未対処"
"51747","単相の"
"51750","暫定の"
"51752","～を一時的に保存する"
"51753","財布"
"51754","プロセスをkillする"
"51756","固定レイアウト"
"51757","微分"
"51759","前置詞"
"51760","先延ばし"
"51761","ファイル検索"
"51762","ネスト"
"51763","補間"
"51764","ウィンドウズ"
"51765","分解"
"51768","気象"
"51771","ウェディングケーキ"
"51772","引き出し"
"51773","後退"
"51774","正常終了"
"51775","合成"
"51776","スライド"
"51778","死ぬ"
"51779","死"
"51781","死んだ"
"51782","名前を付ける"
"51783","名付ける"
"51784","複数の"
"51785","派生"
"51787","派生させる"
"51788","排他制御"
"51789","コーディネート"
"51790","ベンチマーク"
"51791","点火"
"51793","カスタマイズ"
"51794","メタ構文変数"
"51795","再現する"
"51796","入れ替える"
"51797","保留の"
"51798","かけ算"
"51799","割り算"
"51800","スパン"
"51802","スポットライト"
"51807","アクセシブル"
"51808","手札"
"51809","破壊"
"51813","アクチャル"
"51814","当たり判定"
"51817","買い物かご"
"51818","抹消"
"51819","インターフェースを実装する"
"51820","ゲーム"
"51821","オンラインの"
"51822","オンラインショッピング"
"51824","夜勤"
"51826","時給"
"51828","報酬"
"51835","指針"
"51836","ガイドライン"
"51837","書式"
"51840","完売の"
"51843","売り切る"
"51844","売り切れの"
"51845","満席の"
"51847","往復の"
"51850","往復チケット"
"51851","往復切符"
"51853","乗客"
"51854","時間給"
"51855","ドライブスルー"
"51856","画面遷移"
"51857","画面遷移図"
"51858","セクション"
"51861","初期費用"
"51863","感嘆詞"
"51865","合成する"
"51866","画像を処理する"
"51867","送信日"
"51868","受信日"
"51869","アカウント設定"
"51870","覚醒"
"51873","立方根"
"51874","被写界深度"
"51875","カメラ"
"51877","編集可能"
"51878","実践"
"51879","演習"
"51882","読み直す"
"51883","入力エラー"
"51884","持つ"
"51886","コメントアウト"
"51888","会社概要"
"51889","ドラマ"
"51890","簡単ログイン"
"51895","事前登録"
"51900","かぎ括弧"
"51904","保育園"
"51905","カート"
"51911","ファイルに書く"
"51912","出力ファイル"
"51916","グループ購入"
"51925","温度"
"51927","返品"
"51930","割り引く"
"51931","テスト結果"
"51932","オンライン販売"
"51933","作成済みの"
"51934","送信済みの"
"51935","作成された"
"51936","階層構造"
"51938","切断する"
"51949","X軸"
"51955","高度な検索"
"51956","非同期検索"
"51958","補正"
"51959","補正値"
"51964","軸対象"
"51965","タスクマネージャー"
"51966","写真加工"
"51967","長期目標"
"51978","社是"
"51979","経営理念"
"51980","コネクションを確立する"
"51983","投資家"
"51987","株価情報"
"51989","一時保存"
"51992","強制ログアウト"
"51994","期限切れ"
"51996","無効なパラメータが指定されました"
"51999","かすかな"
"52000","微妙な"
"52007","予約された"
"52009","一次方程式"
"52014","かっこ"
"52022","単数形"
"52025","すべて保存する"
"52029","薬袋"
"52030","対策"
"52031","対処"
"52036","相互参照"
"52038","循環参照"
"52039","XSRF対策"
"52040","事象"
"52041","説明書"
"52042","高解像度"
"52043","高解像度の"
"52046","不良在庫"
"52047","速い"
"52048","ひな型"
"52058","機械学習"
"52059","機械翻訳"
"52060","機械"
"52061","入庫日"
"52062","まとめる"
"52063","間引く"
"52064","ドット"
"52067","壁紙"
"52070","不要な"
"52074","しるし"
"52075","公式アカウント"
"52078","所要時間"
"52081","一括入力"
"52082","リフォーム"
"52088","市役所"
"52089","観光"
"52090","市長"
"52095","レジャー"
"52096","食事"
"52097","アトラクション"
"52098","カフェ"
"52099","ビーチ"
"52100","エンターテイメント"
"52109","クラス"
"52110","無期限"
"52111","外部サイト"
"52112","外部URL"
"52135","魔法"
"52140","仕掛品"
"52141","アイコン"
"52142","線形代数"
"52143","召喚"
"52144","召喚魔法"
"52145","飛行船"
"52146","召喚する"
"52149","空港"
"52150","パスポート"
"52151","マイナス"
"52152","成長"
"52153","魔術師"
"52154","飛行機"
"52155","飛行機の予約"
"52157","処理中"
"52160","予想売上高"
"52162","出席者"
"52163","開始日時"
"52164","終了日時"
"52165","終日"
"52166","表示名"
"52169","見込み顧客"
"52171","日本円"
"52172","米ドル"
"52174","積"
"52175","リミクシー"
"52176","メニューバー"
"52177","防止する"
"52178","誘導する"
"52179","導線"
"52180","見直す"
"52181","インターナル"
"52182","猫"
"52183","犬"
"52184","アダルト"
"52187","明確に"
"52188","明示的に"
"52191","例外的な"
"52193","提案書"
"52194","紙"
"52195","メタリック"
"52221","ブレークポイント"
"52227","参照渡し"
"52228","値渡し"
"52229","コマンドライン引数"
"52236","空のリスト"
"52240","草"
"52245","明後日"
"52246","今日"
"52247","A在庫"
"52248","在庫管理"
"52249","番兵"
"52259","ネット"
"52263","架電"
"52264","かけTel"
"52268","銃"
"52269","ナイフ"
"52271","剣"
"52272","刀"
"52273","槍"
"52274","レイピア"
"52275","レーベル"
"52276","爆弾"
"52277","クローク"
"52278","ステルス"
"52280","ステルス戦闘機"
"52283","液体"
"52284","流体"
"52290","再描画"
"52291","インフルエンサー"
"52292","角度"
"52293","気温"
"52294","コンパス"
"52300","パスワード確認"
"52311","正確さ"
"52317","ドル"
"52323","高可用性"
"52325","小雨"
"52326","ところにより曇り"
"52327","霧"
"52333","整頓"
"52335","可変長引数の"
"52336","出来事"
"52337","参照元"
"52338","ホームポジション"
"52339","3年前に投稿"
"52340","スカイスクレイパー"
"52341","写真:～より"
"52342","複数選択"
"52343","アドレスバー"
"52344","アフォーダンス"
"52346","子ウィンドウ"
"52349","ペイン"
"52350","一ヶ月前"
"52351","一年前"
"52353","強度"
"52354","パスワード強度"
"52358","再生時間"
"52359","歌詞"
"52360","上映時間"
"52361","公開日"
"52362","出演者"
"52364","汎用性"
"52366","母音"
"52367","子音"
"52368","カタカナ"
"52369","振り仮名"
"52370","読み仮名"
"52373","スパゲッティ"
"52377","リンク切れ"
"52382","テキストベースの"
"52385","導出された"
"52386","伸縮可能"
"52387","分割した~"
"52388","複数"
"52389","確立されていない"
"52390","分別"
"52391","工数"
"52392","色付けする"
"52393","色を付ける"
"52394","画像補間"
"52395","色を塗る"
"52396","途中"
"52397","受付"
"52398","出荷元"
"52399","受払"
"52400","厚さ"
"52401","梱包"
"52402","漢字"
"52403","透過的に"
"52404","インタビュー"
"52405","インタビューア"
"52406","インタビューされる人"
"52407","脚本"
"52408","発送先"
"52409","出荷先"
"52411","押しピン"
"52412","鉛筆"
"52413","ボリューム"
"52414","講座"
"52415","直リンク"
"52416","割り振る"
"52417","時期"
"52418","前"
"52419","未満"
"52420","直接"
"52421","比較演算子"
"52422","以下"
"52423","利き足"
"52424","横断検索"
"52425","書庫"
"52426","改修する"
"52427","列見出し"
"52428","食材"
"52429","自社"
"52430","他社"
"52431","消耗品"
"52432","業務用"
"52433","食品"
"52434","連携"
"52435","有給休暇"
"52436","代休"
"52437","既読日時"
"52438","購入希望"
"52439","十分"
"52440","認証に失敗した"
"52441","参加制限"
"52442","有料会員"
"52443","無料会員"
"52444","日時"
"52445","登録日時"
"52446","登録時間"
